条件名,条件ID,参数
string,int,int
ConditionServer_CheckProperty,609,MA_TAGET_TO_SELF,MA_PROPERTY_SKIN,OPERATOR_EQUAL,39
ConditionServer_CheckProperty,610,MA_TAGET_TO_SELF,MA_PROPERTY_SKIN,OPERATOR_EQUAL,65
ConditionServer_CheckPropertyRange,14,MA_TAGET_TO_TARGET,MA_PROPERTY_HP,MA_VALUE_NUM,0,500
ConditionServer_CheckPropertyRange,16,MA_TAGET_TO_TARGET,MA_PROPERTY_HP,MA_VALUE_NUM,0,650
ConditionServer_CheckPropertyRange,17,MA_TAGET_TO_TARGET,MA_PROPERTY_HP,MA_VALUE_NUM,0,800
ConditionServer_CheckPropertyRange,22,MA_TAGET_TO_TARGET,MA_PROPERTY_HP,MA_VALUE_PER,0,100
ConditionServer_CheckPropertyRange,25,MA_TAGET_TO_TARGET,MA_PROPERTY_HP,MA_VALUE_PER,0,43
ConditionServer_CheckPropertyRange,203,MA_TAGET_TO_SELF,MA_PROPERTY_STAMINA,MA_VALUE_NUM,20,100
ConditionServer_CheckPropertyRange,205,MA_TAGET_TO_SELF,MA_PROPERTY_STAMINA,MA_VALUE_NUM,20,100
ConditionServer_CheckPropertyRange,326,MA_TAGET_TO_TARGET,MA_PROPERTY_LEVEL,MA_VALUE_NUM,1,10
ConditionServer_CheckPropertyRange,327,MA_TAGET_TO_TARGET,MA_PROPERTY_LEVEL,MA_VALUE_NUM,11,30
ConditionServer_CheckPropertyRange,339,MA_TAGET_TO_SELF,MA_PROPERTY_LEVEL,MA_VALUE_NUM,1,5
ConditionServer_CheckPropertyRange,340,MA_TAGET_TO_SELF,MA_PROPERTY_LEVEL,MA_VALUE_NUM,6,10
ConditionServer_CheckPropertyRange,341,MA_TAGET_TO_SELF,MA_PROPERTY_LEVEL,MA_VALUE_NUM,11,15
ConditionServer_CheckPropertyRange,342,MA_TAGET_TO_SELF,MA_PROPERTY_LEVEL,MA_VALUE_NUM,16,20
ConditionServer_CheckPropertyRange,382,MA_TAGET_TO_SELF,MA_PROPERTY_HP,MA_VALUE_PER,0,50
ConditionServer_CheckPropertyRange,462,MA_TAGET_TO_SELF,MA_PROPERTY_HP,MA_VALUE_PER,20,100
ConditionServer_CheckPropertyRange,463,MA_TAGET_TO_SELF,MA_PROPERTY_HP,MA_VALUE_NUM,91,100000
ConditionServer_CheckPropertyRange,464,MA_TAGET_TO_SELF,MA_PROPERTY_HP,MA_VALUE_NUM,151,100000
ConditionServer_CheckPropertyRange,465,MA_TAGET_TO_SELF,MA_PROPERTY_HP,MA_VALUE_NUM,241,100000
ConditionServer_CheckPropertyRange,466,MA_TAGET_TO_SELF,MA_PROPERTY_HP,MA_VALUE_NUM,361,100000
ConditionServer_CheckPropertyRange,467,MA_TAGET_TO_SELF,MA_PROPERTY_HP,MA_VALUE_NUM,511,100000
ConditionServer_CheckPropertyRange,468,MA_TAGET_TO_SELF,MA_PROPERTY_HP,MA_VALUE_NUM,691,100000
ConditionServer_CheckPropertyRange,501,MA_TAGET_TO_SELF,MA_PROPERTY_HP,MA_VALUE_NUM,901,100000
ConditionServer_CheckPropertyRange,576,MA_TAGET_TO_SELF,MA_PROPERTY_HP,MA_VALUE_PER,20,100
ConditionServer_SpellFlag,5,CHECK_SPELLFLAG_GREATER_EQUAL,1,1,0
ConditionServer_SpellFlag,56,CHECK_SPELLFLAG_GREATER_EQUAL,0,1,0
ConditionServer_SpellFlag,57,CHECK_SPELLFLAG_LESS_EQUAL,0,2,0
ConditionServer_SpellFlag,103,CHECK_SPELLFLAG_GREATER_EQUAL,0,1,0
ConditionServer_SpellFlag,204,CHECK_SPELLFLAG_GREATER_EQUAL,0,1,0
ConditionServer_CoolDown,3,EFreeze_ClassID_Spell,1001
ConditionServer_Camp,11,80
ConditionServer_Camp,222,1
ConditionServer_Camp,223,40
ConditionServer_Distance,6,0,1000,DISTANCE_TARGET
ConditionServer_Distance,7,0,2000,DISTANCE_TILE
ConditionServer_Distance,23,0,6,DISTANCE_TARGET
ConditionServer_Distance,31,0,5,DISTANCE_TARGET
ConditionServer_Distance,80,0,9,DISTANCE_TARGET
ConditionServer_Distance,81,9.1,20,DISTANCE_TARGET
ConditionServer_Distance,475,0,3,DISTANCE_TARGET
ConditionServer_Distance,476,3.1,15,DISTANCE_TARGET
ConditionServer_Target,4,8
ConditionServer_Target,1,524304
ConditionServer_Target,2,2719864
ConditionServer_Target,12,2719824
ConditionServer_Target,13,2720592
ConditionServer_Target,15,768
ConditionServer_Target,47,2622224
ConditionServer_Target,50,1310724
ConditionServer_Target,51,128
ConditionServer_Target,67,768
ConditionServer_Target,79,2719824
ConditionServer_Target,92,3
ConditionServer_Target,111,40
ConditionServer_Target,112,98376
ConditionServer_Target,113,2
ConditionServer_Target,135,256
ConditionServer_Target,216,3
ConditionServer_Target,217,2719832
ConditionServer_Target,237,2621456
ConditionServer_Target,262,2720848
ConditionServer_Target,279,1032
ConditionServer_Target,282,2719864
ConditionServer_Target,297,40
ConditionServer_Target,307,8
ConditionServer_Target,348,4104
ConditionServer_Target,349,24584
ConditionServer_Target,364,2720632
ConditionServer_Target,374,8
ConditionServer_Target,473,8
ConditionServer_Target,487,98379
ConditionServer_Target,488,1
ConditionServer_Target,489,98378
ConditionServer_Target,497,1310726
ConditionServer_Target,557,1288
ConditionServer_Target,559,2719824
ConditionServer_Target,581,1048576
ConditionServer_Target,591,2097176
ConditionServer_Target,596,622688
ConditionServer_EntityDieKillerCamp,9,1
ConditionServer_DieEntityType,10,40
ConditionServer_DieEntityType,272,2719864
ConditionServer_CheckBuff,18,MA_TAGET_TO_TARGET,1223,0,MA_FALSE,MA_TAGET_TO_SELF
ConditionServer_CheckBuff,19,MA_TAGET_TO_TARGET,1223,0,MA_TRUE,MA_TAGET_TO_SELF
ConditionServer_CheckBuff,20,MA_TAGET_TO_TARGET,1234,0,MA_TRUE,MA_TAGET_TO_ALL
ConditionServer_CheckBuff,24,MA_TAGET_TO_SELF,1246,0,MA_FALSE,MA_TAGET_TO_ALL
ConditionServer_CheckBuff,26,MA_TAGET_TO_TARGET,1251,1,MA_TRUE,MA_TAGET_TO_SELF
ConditionServer_CheckBuff,27,MA_TAGET_TO_TARGET,1251,2,MA_TRUE,MA_TAGET_TO_SELF
ConditionServer_CheckBuff,28,MA_TAGET_TO_TARGET,1251,3,MA_TRUE,MA_TAGET_TO_SELF
ConditionServer_CheckBuff,29,MA_TAGET_TO_TARGET,1251,4,MA_TRUE,MA_TAGET_TO_SELF
ConditionServer_CheckBuff,30,MA_TAGET_TO_TARGET,1251,5,MA_TRUE,MA_TAGET_TO_SELF
ConditionServer_CheckBuff,32,MA_TAGET_TO_TARGET,1140,0,MA_TRUE,MA_TAGET_TO_SELF
ConditionServer_CheckBuff,33,MA_TAGET_TO_TARGET,1285,1,MA_TRUE,MA_TAGET_TO_ALL
ConditionServer_CheckBuff,34,MA_TAGET_TO_TARGET,1285,2,MA_TRUE,MA_TAGET_TO_ALL
ConditionServer_CheckBuff,35,MA_TAGET_TO_TARGET,1285,3,MA_TRUE,MA_TAGET_TO_ALL
ConditionServer_CheckBuff,36,MA_TAGET_TO_TARGET,1285,4,MA_TRUE,MA_TAGET_TO_ALL
ConditionServer_CheckBuff,37,MA_TAGET_TO_TARGET,1330,1,MA_TRUE,MA_TAGET_TO_SELF
ConditionServer_CheckBuff,38,MA_TAGET_TO_TARGET,1330,2,MA_TRUE,MA_TAGET_TO_SELF
ConditionServer_CheckBuff,39,MA_TAGET_TO_TARGET,1330,3,MA_TRUE,MA_TAGET_TO_SELF
ConditionServer_CheckBuff,40,MA_TAGET_TO_TARGET,1330,4,MA_TRUE,MA_TAGET_TO_SELF
ConditionServer_CheckBuff,41,MA_TAGET_TO_TARGET,1330,5,MA_TRUE,MA_TAGET_TO_SELF
ConditionServer_CheckBuff,42,MA_TAGET_TO_TARGET,1333,0,MA_TRUE,MA_TAGET_TO_SELF
ConditionServer_CheckBuff,48,MA_TAGET_TO_TARGET,1351,1,MA_TRUE,MA_TAGET_TO_ALL
ConditionServer_CheckBuff,49,MA_TAGET_TO_TARGET,1351,1,MA_FALSE,MA_TAGET_TO_ALL
ConditionServer_CheckBuff,52,MA_TAGET_TO_TARGET,1050,1,MA_TRUE,MA_TAGET_TO_ALL
ConditionServer_CheckBuff,53,MA_TAGET_TO_TARGET,1050,2,MA_TRUE,MA_TAGET_TO_ALL
ConditionServer_CheckBuff,54,MA_TAGET_TO_TARGET,1050,3,MA_TRUE,MA_TAGET_TO_ALL
ConditionServer_CheckBuff,55,MA_TAGET_TO_TARGET,1050,4,MA_TRUE,MA_TAGET_TO_ALL
ConditionServer_CheckBuff,58,MA_TAGET_TO_SELF,1379,1,MA_TRUE,MA_TAGET_TO_SELF
ConditionServer_CheckBuff,61,MA_TAGET_TO_SELF,1419,1,MA_TRUE,MA_TAGET_TO_SELF
ConditionServer_CheckBuff,62,MA_TAGET_TO_SELF,1419,1,MA_FALSE,MA_TAGET_TO_SELF
ConditionServer_CheckBuff,65,MA_TAGET_TO_SELF,1446,0,MA_FALSE,MA_TAGET_TO_SELF
ConditionServer_CheckBuff,66,MA_TAGET_TO_SELF,1446,0,MA_TRUE,MA_TAGET_TO_SELF
ConditionServer_CheckBuff,69,MA_TAGET_TO_SELF,0,0,MA_FALSE,MA_TAGET_TO_SELF
ConditionServer_CheckBuff,70,MA_TAGET_TO_TARGET,1308,1,MA_TRUE,MA_TAGET_TO_SELF
ConditionServer_CheckBuff,71,MA_TAGET_TO_TARGET,1397,1,MA_TRUE,MA_TAGET_TO_TARGET
ConditionServer_CheckBuff,72,MA_TAGET_TO_SELF,1289,1,MA_FALSE,MA_TAGET_TO_SELF
ConditionServer_CheckBuff,73,MA_TAGET_TO_SELF,1408,1,MA_TRUE,MA_TAGET_TO_SELF
ConditionServer_CheckBuff,74,MA_TAGET_TO_SELF,1485,1,MA_TRUE,MA_TAGET_TO_SELF
ConditionServer_CheckBuff,75,MA_TAGET_TO_SELF,1408,1,MA_FALSE,MA_TAGET_TO_SELF
ConditionServer_CheckBuff,76,MA_TAGET_TO_TARGET,1491,1,MA_TRUE,MA_TAGET_TO_SELF
ConditionServer_CheckBuff,82,MA_TAGET_TO_SELF,1504,0,MA_FALSE,MA_TAGET_TO_ALL
ConditionServer_CheckBuff,83,MA_TAGET_TO_SELF,1504,1,MA_TRUE,MA_TAGET_TO_ALL
ConditionServer_CheckBuff,84,MA_TAGET_TO_SELF,1504,2,MA_TRUE,MA_TAGET_TO_ALL
ConditionServer_CheckBuff,85,MA_TAGET_TO_SELF,1677,2,MA_TRUE,MA_TAGET_TO_SELF
ConditionServer_CheckBuff,88,MA_TAGET_TO_TARGET,1681,1,MA_TRUE,MA_TAGET_TO_ALL
ConditionServer_CheckBuff,89,MA_TAGET_TO_TARGET,1681,1,MA_FALSE,MA_TAGET_TO_ALL
ConditionServer_CheckBuff,90,MA_TAGET_TO_SELF,1669,1,MA_TRUE,MA_TAGET_TO_ALL
ConditionServer_CheckBuff,91,MA_TAGET_TO_SELF,1671,1,MA_TRUE,MA_TAGET_TO_ALL
ConditionServer_CheckBuff,95,MA_TAGET_TO_TARGET,1723,1,MA_TRUE,MA_TAGET_TO_SELF
ConditionServer_CheckBuff,96,MA_TAGET_TO_TARGET,1723,2,MA_TRUE,MA_TAGET_TO_SELF
ConditionServer_CheckBuff,97,MA_TAGET_TO_TARGET,1723,3,MA_TRUE,MA_TAGET_TO_SELF
ConditionServer_CheckBuff,98,MA_TAGET_TO_TARGET,1723,0,MA_FALSE,MA_TAGET_TO_SELF
ConditionServer_CheckBuff,99,MA_TAGET_TO_SELF,1732,2,MA_TRUE,MA_TAGET_TO_SELF
ConditionServer_CheckBuff,100,MA_TAGET_TO_SELF,1732,3,MA_TRUE,MA_TAGET_TO_SELF
ConditionServer_CheckBuff,101,MA_TAGET_TO_SELF,1732,4,MA_TRUE,MA_TAGET_TO_SELF
ConditionServer_CheckBuff,102,MA_TAGET_TO_SELF,1732,5,MA_TRUE,MA_TAGET_TO_SELF
ConditionServer_CheckBuff,104,MA_TAGET_TO_TARGET,1681,1,MA_TRUE,MA_TAGET_TO_ALL
ConditionServer_CheckBuff,105,MA_TAGET_TO_TARGET,1681,1,MA_FALSE,MA_TAGET_TO_ALL
ConditionServer_CheckBuff,106,MA_TAGET_TO_TARGET,102,1,MA_FALSE,MA_TAGET_TO_ALL
ConditionServer_CheckBuff,107,MA_TAGET_TO_TARGET,102,1,MA_TRUE,MA_TAGET_TO_ALL
ConditionServer_CheckBuff,108,MA_TAGET_TO_SELF,1732,1,MA_TRUE,MA_TAGET_TO_SELF
ConditionServer_CheckBuff,109,MA_TAGET_TO_SELF,1732,2,MA_TRUE,MA_TAGET_TO_SELF
ConditionServer_CheckBuff,114,MA_TAGET_TO_SELF,109,1,MA_TRUE,MA_TAGET_TO_SELF
ConditionServer_CheckBuff,115,MA_TAGET_TO_SELF,113,1,MA_TRUE,MA_TAGET_TO_SELF
ConditionServer_CheckBuff,116,MA_TAGET_TO_SELF,112,1,MA_TRUE,MA_TAGET_TO_SELF
ConditionServer_CheckBuff,117,MA_TAGET_TO_SELF,1792,1,MA_TRUE,MA_TAGET_TO_SELF
ConditionServer_CheckBuff,118,MA_TAGET_TO_SELF,1793,0,MA_FALSE,MA_TAGET_TO_SELF
ConditionServer_CheckBuff,119,MA_TAGET_TO_SELF,1794,1,MA_TRUE,MA_TAGET_TO_SELF
ConditionServer_CheckBuff,120,MA_TAGET_TO_SELF,1798,1,MA_TRUE,MA_TAGET_TO_SELF
ConditionServer_CheckBuff,121,MA_TAGET_TO_SELF,1793,0,MA_TRUE,MA_TAGET_TO_ALL
ConditionServer_CheckBuff,122,MA_TAGET_TO_SELF,1793,1,MA_TRUE,MA_TAGET_TO_SELF
ConditionServer_CheckBuff,123,MA_TAGET_TO_SELF,1793,2,MA_TRUE,MA_TAGET_TO_SELF
ConditionServer_CheckBuff,124,MA_TAGET_TO_SELF,1793,3,MA_TRUE,MA_TAGET_TO_SELF
ConditionServer_CheckBuff,125,MA_TAGET_TO_SELF,1793,4,MA_TRUE,MA_TAGET_TO_SELF
ConditionServer_CheckBuff,126,MA_TAGET_TO_SELF,1793,5,MA_TRUE,MA_TAGET_TO_SELF
ConditionServer_CheckBuff,127,MA_TAGET_TO_SELF,1799,1,MA_TRUE,MA_TAGET_TO_SELF
ConditionServer_CheckBuff,128,MA_TAGET_TO_SELF,1800,1,MA_TRUE,MA_TAGET_TO_SELF
ConditionServer_CheckBuff,129,MA_TAGET_TO_SELF,1801,0,MA_FALSE,MA_TAGET_TO_SELF
ConditionServer_CheckBuff,130,MA_TAGET_TO_SELF,1804,1,MA_TRUE,MA_TAGET_TO_SELF
ConditionServer_CheckBuff,131,MA_TAGET_TO_SELF,1379,4,MA_FALSE,MA_TAGET_TO_ALL
ConditionServer_CheckBuff,132,MA_TAGET_TO_TARGET,1378,1,MA_TRUE,MA_TAGET_TO_ALL
ConditionServer_CheckBuff,133,MA_TAGET_TO_SELF,1815,1,MA_TRUE,MA_TAGET_TO_SELF
ConditionServer_CheckBuff,134,MA_TAGET_TO_TARGET,1825,4,MA_TRUE,MA_TAGET_TO_ALL
ConditionServer_CheckBuff,140,MA_TAGET_TO_SELF,1832,1,MA_TRUE,MA_TAGET_TO_SELF
ConditionServer_CheckBuff,136,MA_TAGET_TO_SELF,1833,1,MA_TRUE,MA_TAGET_TO_SELF
ConditionServer_CheckBuff,137,MA_TAGET_TO_SELF,1834,1,MA_TRUE,MA_TAGET_TO_ALL
ConditionServer_CheckBuff,138,MA_TAGET_TO_TARGET,1433,1,MA_TRUE,MA_TAGET_TO_SELF
ConditionServer_CheckBuff,139,MA_TAGET_TO_TARGET,1433,1,MA_FALSE,MA_TAGET_TO_SELF
ConditionServer_CheckBuff,141,MA_TAGET_TO_SELF,1839,1,MA_TRUE,MA_TAGET_TO_SELF
ConditionServer_CheckBuff,142,MA_TAGET_TO_SELF,1841,1,MA_TRUE,MA_TAGET_TO_SELF
ConditionServer_CheckBuff,143,MA_TAGET_TO_SELF,1842,1,MA_TRUE,MA_TAGET_TO_ALL
ConditionServer_CheckBuff,144,MA_TAGET_TO_SELF,1840,1,MA_TRUE,MA_TAGET_TO_SELF
ConditionServer_CheckBuff,145,MA_TAGET_TO_SELF,1840,2,MA_TRUE,MA_TAGET_TO_SELF
ConditionServer_CheckBuff,146,MA_TAGET_TO_SELF,1840,3,MA_TRUE,MA_TAGET_TO_SELF
ConditionServer_CheckBuff,147,MA_TAGET_TO_SELF,1840,4,MA_TRUE,MA_TAGET_TO_SELF
ConditionServer_CheckBuff,148,MA_TAGET_TO_SELF,1840,5,MA_TRUE,MA_TAGET_TO_SELF
ConditionServer_CheckBuff,149,MA_TAGET_TO_SELF,1847,1,MA_TRUE,MA_TAGET_TO_SELF
ConditionServer_CheckBuff,150,MA_TAGET_TO_SELF,1848,1,MA_TRUE,MA_TAGET_TO_SELF
ConditionServer_CheckBuff,151,MA_TAGET_TO_SELF,3658,2,MA_TRUE,MA_TAGET_TO_SELF
ConditionServer_CheckBuff,152,MA_TAGET_TO_SELF,1857,1,MA_TRUE,MA_TAGET_TO_SELF
ConditionServer_CheckBuff,153,MA_TAGET_TO_SELF,1859,1,MA_TRUE,MA_TAGET_TO_SELF
ConditionServer_CheckBuff,154,MA_TAGET_TO_SELF,1861,1,MA_TRUE,MA_TAGET_TO_SELF
ConditionServer_CheckBuff,155,MA_TAGET_TO_SELF,1863,1,MA_TRUE,MA_TAGET_TO_SELF
ConditionServer_CheckBuff,156,MA_TAGET_TO_SELF,1868,1,MA_TRUE,MA_TAGET_TO_SELF
ConditionServer_CheckBuff,157,MA_TAGET_TO_SELF,1872,1,MA_TRUE,MA_TAGET_TO_SELF
ConditionServer_CheckBuff,158,MA_TAGET_TO_SELF,1874,1,MA_TRUE,MA_TAGET_TO_SELF
ConditionServer_CheckBuff,159,MA_TAGET_TO_SELF,1874,1,MA_FALSE,MA_TAGET_TO_SELF
ConditionServer_CheckBuff,160,MA_TAGET_TO_SELF,1875,1,MA_TRUE,MA_TAGET_TO_SELF
ConditionServer_CheckBuff,161,MA_TAGET_TO_SELF,1897,1,MA_FALSE,MA_TAGET_TO_SELF
ConditionServer_CheckBuff,162,MA_TAGET_TO_SELF,1903,1,MA_FALSE,MA_TAGET_TO_SELF
ConditionServer_CheckBuff,163,MA_TAGET_TO_SELF,1903,1,MA_TRUE,MA_TAGET_TO_SELF
ConditionServer_CheckBuff,164,MA_TAGET_TO_SELF,1900,2,MA_TRUE,MA_TAGET_TO_SELF
ConditionServer_CheckBuff,165,MA_TAGET_TO_SELF,1900,3,MA_TRUE,MA_TAGET_TO_SELF
ConditionServer_CheckBuff,166,MA_TAGET_TO_SELF,1900,4,MA_TRUE,MA_TAGET_TO_SELF
ConditionServer_CheckBuff,167,MA_TAGET_TO_SELF,1904,1,MA_FALSE,MA_TAGET_TO_SELF
ConditionServer_CheckBuff,168,MA_TAGET_TO_SELF,1904,1,MA_TRUE,MA_TAGET_TO_SELF
ConditionServer_CheckBuff,169,MA_TAGET_TO_SELF,1903,1,MA_TRUE,MA_TAGET_TO_SELF
ConditionServer_CheckBuff,170,MA_TAGET_TO_SELF,1909,1,MA_FALSE,MA_TAGET_TO_SELF
ConditionServer_CheckBuff,171,MA_TAGET_TO_SELF,1909,1,MA_TRUE,MA_TAGET_TO_SELF
ConditionServer_CheckBuff,172,MA_TAGET_TO_SELF,1916,1,MA_TRUE,MA_TAGET_TO_SELF
ConditionServer_CheckBuff,173,MA_TAGET_TO_SELF,1917,1,MA_TRUE,MA_TAGET_TO_SELF
ConditionServer_CheckBuff,174,MA_TAGET_TO_SELF,1923,1,MA_TRUE,MA_TAGET_TO_SELF
ConditionServer_CheckBuff,175,MA_TAGET_TO_SELF,1928,1,MA_TRUE,MA_TAGET_TO_SELF
ConditionServer_CheckBuff,176,MA_TAGET_TO_TARGET,1658,0,MA_TRUE,MA_TAGET_TO_ALL
ConditionServer_CheckBuff,177,MA_TAGET_TO_SELF,1932,1,MA_TRUE,MA_TAGET_TO_SELF
ConditionServer_CheckBuff,178,MA_TAGET_TO_TARGET,1933,1,MA_TRUE,MA_TAGET_TO_ALL
ConditionServer_CheckBuff,179,MA_TAGET_TO_SELF,1939,1,MA_TRUE,MA_TAGET_TO_ALL
ConditionServer_CheckBuff,180,MA_TAGET_TO_SELF,1940,1,MA_TRUE,MA_TAGET_TO_SELF
ConditionServer_CheckBuff,181,MA_TAGET_TO_SELF,1935,1,MA_TRUE,MA_TAGET_TO_ALL
ConditionServer_CheckBuff,182,MA_TAGET_TO_SELF,1943,1,MA_TRUE,MA_TAGET_TO_ALL
ConditionServer_CheckBuff,183,MA_TAGET_TO_SELF,1945,1,MA_FALSE,MA_TAGET_TO_ALL
ConditionServer_CheckBuff,184,MA_TAGET_TO_SELF,1945,1,MA_TRUE,MA_TAGET_TO_ALL
ConditionServer_CheckBuff,185,MA_TAGET_TO_SELF,1946,1,MA_TRUE,MA_TAGET_TO_ALL
ConditionServer_CheckBuff,186,MA_TAGET_TO_SELF,1949,1,MA_TRUE,MA_TAGET_TO_ALL
ConditionServer_CheckBuff,187,MA_TAGET_TO_SELF,1951,1,MA_TRUE,MA_TAGET_TO_ALL
ConditionServer_CheckBuff,188,MA_TAGET_TO_SELF,1490,7,MA_TRUE,MA_TAGET_TO_SELF
ConditionServer_CheckBuff,189,MA_TAGET_TO_SELF,1490,8,MA_TRUE,MA_TAGET_TO_SELF
ConditionServer_CheckBuff,190,MA_TAGET_TO_SELF,1490,9,MA_TRUE,MA_TAGET_TO_SELF
ConditionServer_CheckBuff,191,MA_TAGET_TO_SELF,1490,10,MA_TRUE,MA_TAGET_TO_SELF
ConditionServer_CheckBuff,192,MA_TAGET_TO_SELF,1956,1,MA_FALSE,MA_TAGET_TO_SELF
ConditionServer_CheckBuff,193,MA_TAGET_TO_SELF,1956,1,MA_TRUE,MA_TAGET_TO_SELF
ConditionServer_CheckBuff,194,MA_TAGET_TO_SELF,1490,6,MA_TRUE,MA_TAGET_TO_SELF
ConditionServer_CheckBuff,195,MA_TAGET_TO_SELF,1962,1,MA_TRUE,MA_TAGET_TO_SELF
ConditionServer_CheckBuff,196,MA_TAGET_TO_SELF,1962,2,MA_TRUE,MA_TAGET_TO_SELF
ConditionServer_CheckBuff,197,MA_TAGET_TO_SELF,1490,5,MA_TRUE,MA_TAGET_TO_SELF
ConditionServer_CheckBuff,198,MA_TAGET_TO_SELF,1490,6,MA_TRUE,MA_TAGET_TO_SELF
ConditionServer_CheckBuff,199,MA_TAGET_TO_SELF,1490,7,MA_TRUE,MA_TAGET_TO_SELF
ConditionServer_CheckBuff,200,MA_TAGET_TO_SELF,1962,3,MA_TRUE,MA_TAGET_TO_SELF
ConditionServer_CheckBuff,201,MA_TAGET_TO_SELF,12,1,MA_FALSE,MA_TAGET_TO_SELF
ConditionServer_CheckBuff,206,MA_TAGET_TO_TARGET,121,1,MA_TRUE,MA_TAGET_TO_ALL
ConditionServer_CheckBuff,207,MA_TAGET_TO_SELF,1988,1,MA_TRUE,MA_TAGET_TO_SELF
ConditionServer_CheckBuff,208,MA_TAGET_TO_SELF,1989,1,MA_TRUE,MA_TAGET_TO_SELF
ConditionServer_CheckBuff,209,MA_TAGET_TO_SELF,1990,1,MA_TRUE,MA_TAGET_TO_SELF
ConditionServer_CheckBuff,210,MA_TAGET_TO_SELF,1991,1,MA_TRUE,MA_TAGET_TO_SELF
ConditionServer_CheckBuff,211,MA_TAGET_TO_SELF,1992,1,MA_TRUE,MA_TAGET_TO_SELF
ConditionServer_CheckBuff,212,MA_TAGET_TO_SELF,1993,1,MA_TRUE,MA_TAGET_TO_SELF
ConditionServer_CheckBuff,213,MA_TAGET_TO_SELF,1994,1,MA_TRUE,MA_TAGET_TO_SELF
ConditionServer_CheckBuff,214,MA_TAGET_TO_TARGET,124,1,MA_TRUE,MA_TAGET_TO_ALL
ConditionServer_CheckBuff,215,MA_TAGET_TO_SELF,2003,1,MA_TRUE,MA_TAGET_TO_SELF
ConditionServer_CheckBuff,218,MA_TAGET_TO_SELF,2005,1,MA_TRUE,MA_TAGET_TO_ALL
ConditionServer_CheckBuff,219,MA_TAGET_TO_SELF,2008,1,MA_TRUE,MA_TAGET_TO_SELF
ConditionServer_CheckBuff,220,MA_TAGET_TO_SELF,2014,1,MA_TRUE,MA_TAGET_TO_SELF
ConditionServer_CheckBuff,221,MA_TAGET_TO_SELF,2021,1,MA_TRUE,MA_TAGET_TO_SELF
ConditionServer_CheckBuff,224,MA_TAGET_TO_SELF,2022,1,MA_TRUE,MA_TAGET_TO_SELF
ConditionServer_CheckBuff,225,MA_TAGET_TO_SELF,2031,1,MA_TRUE,MA_TAGET_TO_SELF
ConditionServer_CheckBuff,226,MA_TAGET_TO_SELF,2026,1,MA_TRUE,MA_TAGET_TO_SELF
ConditionServer_CheckBuff,227,MA_TAGET_TO_SELF,2023,1,MA_TRUE,MA_TAGET_TO_SELF
ConditionServer_CheckBuff,229,MA_TAGET_TO_SELF,2033,1,MA_FALSE,MA_TAGET_TO_ALL
ConditionServer_CheckBuff,230,MA_TAGET_TO_SELF,2033,1,MA_TRUE,MA_TAGET_TO_ALL
ConditionServer_CheckBuff,231,MA_TAGET_TO_TARGET,2049,1,MA_TRUE,MA_TAGET_TO_ALL
ConditionServer_CheckBuff,232,MA_TAGET_TO_SELF,2050,1,MA_FALSE,MA_TAGET_TO_SELF
ConditionServer_CheckBuff,233,MA_TAGET_TO_SELF,2050,1,MA_TRUE,MA_TAGET_TO_SELF
ConditionServer_CheckBuff,234,MA_TAGET_TO_SELF,2051,1,MA_TRUE,MA_TAGET_TO_SELF
ConditionServer_CheckBuff,235,MA_TAGET_TO_SELF,2042,1,MA_TRUE,MA_TAGET_TO_SELF
ConditionServer_CheckBuff,236,MA_TAGET_TO_SELF,2038,1,MA_TRUE,MA_TAGET_TO_SELF
ConditionServer_CheckBuff,238,MA_TAGET_TO_SELF,2053,1,MA_TRUE,MA_TAGET_TO_SELF
ConditionServer_CheckBuff,239,MA_TAGET_TO_SELF,2064,1,MA_TRUE,MA_TAGET_TO_SELF
ConditionServer_CheckBuff,240,MA_TAGET_TO_SELF,2066,1,MA_TRUE,MA_TAGET_TO_SELF
ConditionServer_CheckBuff,241,MA_TAGET_TO_TARGET,1443,1,MA_TRUE,MA_TAGET_TO_SELF
ConditionServer_CheckBuff,242,MA_TAGET_TO_SELF,2084,1,MA_TRUE,MA_TAGET_TO_SELF
ConditionServer_CheckBuff,243,MA_TAGET_TO_SELF,2065,1,MA_TRUE,MA_TAGET_TO_SELF
ConditionServer_CheckBuff,244,MA_TAGET_TO_SELF,2089,1,MA_TRUE,MA_TAGET_TO_SELF
ConditionServer_CheckBuff,245,MA_TAGET_TO_SELF,2109,1,MA_TRUE,MA_TAGET_TO_SELF
ConditionServer_CheckBuff,246,MA_TAGET_TO_SELF,137,1,MA_TRUE,MA_TAGET_TO_SELF
ConditionServer_CheckBuff,247,MA_TAGET_TO_SELF,2107,1,MA_TRUE,MA_TAGET_TO_SELF
ConditionServer_CheckBuff,248,MA_TAGET_TO_SELF,2124,1,MA_TRUE,MA_TAGET_TO_SELF
ConditionServer_CheckBuff,249,MA_TAGET_TO_SELF,2126,1,MA_TRUE,MA_TAGET_TO_SELF
ConditionServer_CheckBuff,250,MA_TAGET_TO_SELF,2128,1,MA_TRUE,MA_TAGET_TO_SELF
ConditionServer_CheckBuff,251,MA_TAGET_TO_SELF,2137,1,MA_TRUE,MA_TAGET_TO_SELF
ConditionServer_CheckBuff,252,MA_TAGET_TO_SELF,2138,1,MA_TRUE,MA_TAGET_TO_SELF
ConditionServer_CheckBuff,253,MA_TAGET_TO_SELF,2139,1,MA_TRUE,MA_TAGET_TO_SELF
ConditionServer_CheckBuff,254,MA_TAGET_TO_SELF,2110,1,MA_TRUE,MA_TAGET_TO_SELF
ConditionServer_CheckBuff,255,MA_TAGET_TO_SELF,2110,1,MA_FALSE,MA_TAGET_TO_SELF
ConditionServer_CheckBuff,256,MA_TAGET_TO_SELF,2112,1,MA_TRUE,MA_TAGET_TO_SELF
ConditionServer_CheckBuff,257,MA_TAGET_TO_SELF,2113,1,MA_FALSE,MA_TAGET_TO_SELF
ConditionServer_CheckBuff,258,MA_TAGET_TO_SELF,2113,1,MA_TRUE,MA_TAGET_TO_SELF
ConditionServer_CheckBuff,259,MA_TAGET_TO_SELF,2117,1,MA_TRUE,MA_TAGET_TO_SELF
ConditionServer_CheckBuff,260,MA_TAGET_TO_SELF,2146,1,MA_TRUE,MA_TAGET_TO_SELF
ConditionServer_CheckBuff,261,MA_TAGET_TO_SELF,131,1,MA_TRUE,MA_TAGET_TO_SELF
ConditionServer_CheckBuff,263,MA_TAGET_TO_SELF,2030,1,MA_FALSE,MA_TAGET_TO_SELF
ConditionServer_CheckBuff,264,MA_TAGET_TO_SELF,2030,1,MA_TRUE,MA_TAGET_TO_SELF
ConditionServer_CheckBuff,265,MA_TAGET_TO_SELF,155,0,MA_FALSE,MA_TAGET_TO_SELF
ConditionServer_CheckBuff,266,MA_TAGET_TO_SELF,155,1,MA_TRUE,MA_TAGET_TO_SELF
ConditionServer_CheckBuff,267,MA_TAGET_TO_SELF,2163,1,MA_TRUE,MA_TAGET_TO_SELF
ConditionServer_CheckBuff,268,MA_TAGET_TO_SELF,2165,1,MA_FALSE,MA_TAGET_TO_SELF
ConditionServer_CheckBuff,269,MA_TAGET_TO_SELF,2165,1,MA_TRUE,MA_TAGET_TO_SELF
ConditionServer_CheckBuff,270,MA_TAGET_TO_SELF,2166,1,MA_TRUE,MA_TAGET_TO_SELF
ConditionServer_CheckBuff,271,MA_TAGET_TO_SELF,2166,1,MA_FALSE,MA_TAGET_TO_SELF
ConditionServer_CheckBuff,273,MA_TAGET_TO_SELF,2169,1,MA_TRUE,MA_TAGET_TO_SELF
ConditionServer_CheckBuff,274,MA_TAGET_TO_SELF,2170,1,MA_TRUE,MA_TAGET_TO_SELF
ConditionServer_CheckBuff,275,MA_TAGET_TO_SELF,1837,1,MA_TRUE,MA_TAGET_TO_ALL
ConditionServer_CheckBuff,276,MA_TAGET_TO_SELF,2184,1,MA_TRUE,MA_TAGET_TO_SELF
ConditionServer_CheckBuff,277,MA_TAGET_TO_SELF,2187,1,MA_FALSE,MA_TAGET_TO_SELF
ConditionServer_CheckBuff,278,MA_TAGET_TO_SELF,2187,1,MA_TRUE,MA_TAGET_TO_SELF
ConditionServer_CheckBuff,280,MA_TAGET_TO_SELF,2189,1,MA_TRUE,MA_TAGET_TO_SELF
ConditionServer_CheckBuff,281,MA_TAGET_TO_SELF,2117,1,MA_TRUE,MA_TAGET_TO_SELF
ConditionServer_CheckBuff,283,MA_TAGET_TO_SELF,2117,1,MA_FALSE,MA_TAGET_TO_SELF
ConditionServer_CheckBuff,284,MA_TAGET_TO_SELF,2191,1,MA_TRUE,MA_TAGET_TO_SELF
ConditionServer_CheckBuff,285,MA_TAGET_TO_SELF,2195,1,MA_TRUE,MA_TAGET_TO_SELF
ConditionServer_CheckBuff,286,MA_TAGET_TO_SELF,1785,0,MA_TRUE,MA_TAGET_TO_SELF
ConditionServer_CheckBuff,287,MA_TAGET_TO_SELF,2204,1,MA_TRUE,MA_TAGET_TO_ALL
ConditionServer_CheckBuff,288,MA_TAGET_TO_SELF,2053,1,MA_FALSE,MA_TAGET_TO_SELF
ConditionServer_CheckBuff,289,MA_TAGET_TO_TARGET,2208,1,MA_FALSE,MA_TAGET_TO_SELF
ConditionServer_CheckBuff,290,MA_TAGET_TO_TARGET,2209,1,MA_FALSE,MA_TAGET_TO_SELF
ConditionServer_CheckBuff,291,MA_TAGET_TO_SELF,2223,1,MA_TRUE,MA_TAGET_TO_SELF
ConditionServer_CheckBuff,292,MA_TAGET_TO_SELF,2234,1,MA_TRUE,MA_TAGET_TO_SELF
ConditionServer_CheckBuff,293,MA_TAGET_TO_SELF,2226,1,MA_TRUE,MA_TAGET_TO_SELF
ConditionServer_CheckBuff,294,MA_TAGET_TO_SELF,2228,1,MA_TRUE,MA_TAGET_TO_SELF
ConditionServer_CheckBuff,295,MA_TAGET_TO_SELF,2230,1,MA_TRUE,MA_TAGET_TO_SELF
ConditionServer_CheckBuff,296,MA_TAGET_TO_SELF,2232,1,MA_TRUE,MA_TAGET_TO_SELF
ConditionServer_CheckBuff,298,MA_TAGET_TO_SELF,2022,1,MA_TRUE,MA_TAGET_TO_SELF
ConditionServer_CheckBuff,299,MA_TAGET_TO_SELF,2240,1,MA_TRUE,MA_TAGET_TO_SELF
ConditionServer_CheckBuff,300,MA_TAGET_TO_SELF,2241,1,MA_TRUE,MA_TAGET_TO_SELF
ConditionServer_CheckBuff,301,MA_TAGET_TO_SELF,2244,1,MA_TRUE,MA_TAGET_TO_SELF
ConditionServer_CheckBuff,302,MA_TAGET_TO_SELF,2245,1,MA_FALSE,MA_TAGET_TO_SELF
ConditionServer_CheckBuff,303,MA_TAGET_TO_SELF,2246,1,MA_TRUE,MA_TAGET_TO_SELF
ConditionServer_CheckBuff,304,MA_TAGET_TO_TARGET,1340,1,MA_TRUE,MA_TAGET_TO_ALL
ConditionServer_CheckBuff,305,MA_TAGET_TO_TARGET,1340,1,MA_FALSE,MA_TAGET_TO_ALL
ConditionServer_CheckBuff,306,MA_TAGET_TO_SELF,2257,5,MA_FALSE,MA_TAGET_TO_SELF
ConditionServer_CheckBuff,308,MA_TAGET_TO_SELF,2111,1,MA_TRUE,MA_TAGET_TO_ALL
ConditionServer_CheckBuff,309,MA_TAGET_TO_SELF,2277,1,MA_FALSE,MA_TAGET_TO_SELF
ConditionServer_CheckBuff,310,MA_TAGET_TO_SELF,2277,1,MA_TRUE,MA_TAGET_TO_SELF
ConditionServer_CheckBuff,311,MA_TAGET_TO_TARGET,2275,1,MA_FALSE,MA_TAGET_TO_ALL
ConditionServer_CheckBuff,312,MA_TAGET_TO_SELF,137,1,MA_TRUE,MA_TAGET_TO_SELF
ConditionServer_CheckBuff,313,MA_TAGET_TO_SELF,138,1,MA_TRUE,MA_TAGET_TO_SELF
ConditionServer_CheckBuff,315,MA_TAGET_TO_SELF,2302,1,MA_TRUE,MA_TAGET_TO_SELF
ConditionServer_CheckBuff,316,MA_TAGET_TO_SELF,2305,1,MA_TRUE,MA_TAGET_TO_SELF
ConditionServer_CheckBuff,317,MA_TAGET_TO_SELF,2308,1,MA_TRUE,MA_TAGET_TO_SELF
ConditionServer_CheckBuff,318,MA_TAGET_TO_SELF,2309,1,MA_TRUE,MA_TAGET_TO_SELF
ConditionServer_CheckBuff,319,MA_TAGET_TO_SELF,2307,1,MA_TRUE,MA_TAGET_TO_SELF
ConditionServer_CheckBuff,320,MA_TAGET_TO_SELF,2317,1,MA_FALSE,MA_TAGET_TO_SELF
ConditionServer_CheckBuff,321,MA_TAGET_TO_SELF,2207,1,MA_TRUE,MA_TAGET_TO_SELF
ConditionServer_CheckBuff,322,MA_TAGET_TO_SELF,2307,1,MA_FALSE,MA_TAGET_TO_SELF
ConditionServer_CheckBuff,323,MA_TAGET_TO_SELF,2307,1,MA_TRUE,MA_TAGET_TO_SELF
ConditionServer_CheckBuff,324,MA_TAGET_TO_SELF,2334,1,MA_TRUE,MA_TAGET_TO_SELF
ConditionServer_CheckBuff,325,MA_TAGET_TO_TARGET,2235,1,MA_TRUE,MA_TAGET_TO_SELF
ConditionServer_CheckBuff,328,MA_TAGET_TO_SELF,2341,1,MA_TRUE,MA_TAGET_TO_SELF
ConditionServer_CheckBuff,329,MA_TAGET_TO_SELF,2353,1,MA_TRUE,MA_TAGET_TO_SELF
ConditionServer_CheckBuff,330,MA_TAGET_TO_SELF,2121,1,MA_TRUE,MA_TAGET_TO_ALL
ConditionServer_CheckBuff,332,MA_TAGET_TO_SELF,2368,1,MA_TRUE,MA_TAGET_TO_SELF
ConditionServer_CheckBuff,333,MA_TAGET_TO_SELF,1690,0,MA_TRUE,MA_TAGET_TO_SELF
ConditionServer_CheckBuff,334,MA_TAGET_TO_SELF,2305,1,MA_TRUE,MA_TAGET_TO_SELF
ConditionServer_CheckBuff,335,MA_TAGET_TO_SELF,2305,2,MA_TRUE,MA_TAGET_TO_SELF
ConditionServer_CheckBuff,336,MA_TAGET_TO_SELF,155,2,MA_TRUE,MA_TAGET_TO_SELF
ConditionServer_CheckBuff,337,MA_TAGET_TO_SELF,1,2,MA_TRUE,MA_TAGET_TO_ALL
ConditionServer_CheckBuff,338,MA_TAGET_TO_SELF,2424,1,MA_TRUE,MA_TAGET_TO_SELF
ConditionServer_CheckBuff,343,MA_TAGET_TO_SELF,1857,2,MA_TRUE,MA_TAGET_TO_SELF
ConditionServer_CheckBuff,344,MA_TAGET_TO_SELF,3021,1,MA_TRUE,MA_TAGET_TO_SELF
ConditionServer_CheckBuff,345,MA_TAGET_TO_SELF,3022,1,MA_TRUE,MA_TAGET_TO_SELF
ConditionServer_CheckBuff,346,MA_TAGET_TO_SELF,3112,1,MA_FALSE,MA_TAGET_TO_SELF
ConditionServer_CheckBuff,347,MA_TAGET_TO_SELF,3112,1,MA_TRUE,MA_TAGET_TO_SELF
ConditionServer_CheckBuff,353,MA_TAGET_TO_SELF,3023,1,MA_TRUE,MA_TAGET_TO_SELF
ConditionServer_CheckBuff,354,MA_TAGET_TO_SELF,3024,1,MA_TRUE,MA_TAGET_TO_SELF
ConditionServer_CheckBuff,350,MA_TAGET_TO_SELF,3032,1,MA_TRUE,MA_TAGET_TO_SELF
ConditionServer_CheckBuff,351,MA_TAGET_TO_SELF,3035,1,MA_TRUE,MA_TAGET_TO_SELF
ConditionServer_CheckBuff,352,MA_TAGET_TO_SELF,3036,1,MA_TRUE,MA_TAGET_TO_SELF
ConditionServer_CheckBuff,355,MA_TAGET_TO_SELF,3116,1,MA_TRUE,MA_TAGET_TO_SELF
ConditionServer_CheckBuff,356,MA_TAGET_TO_SELF,3119,1,MA_TRUE,MA_TAGET_TO_SELF
ConditionServer_CheckBuff,359,MA_TAGET_TO_SELF,3123,1,MA_TRUE,MA_TAGET_TO_SELF
ConditionServer_CheckBuff,357,MA_TAGET_TO_SELF,3026,1,MA_TRUE,MA_TAGET_TO_SELF
ConditionServer_CheckBuff,358,MA_TAGET_TO_SELF,3025,1,MA_TRUE,MA_TAGET_TO_SELF
ConditionServer_CheckBuff,360,MA_TAGET_TO_SELF,3005,0,MA_FALSE,MA_TAGET_TO_SELF
ConditionServer_CheckBuff,361,MA_TAGET_TO_SELF,3005,1,MA_TRUE,MA_TAGET_TO_SELF
ConditionServer_CheckBuff,362,MA_TAGET_TO_SELF,3005,2,MA_TRUE,MA_TAGET_TO_SELF
ConditionServer_CheckBuff,363,MA_TAGET_TO_SELF,3131,1,MA_TRUE,MA_TAGET_TO_SELF
ConditionServer_CheckBuff,379,MA_TAGET_TO_SELF,3358,1,MA_TRUE,MA_TAGET_TO_SELF
ConditionServer_CheckBuff,375,MA_TAGET_TO_SELF,3360,1,MA_TRUE,MA_TAGET_TO_SELF
ConditionServer_CheckBuff,376,MA_TAGET_TO_TARGET,3351,5,MA_TRUE,MA_TAGET_TO_SELF
ConditionServer_CheckBuff,377,MA_TAGET_TO_SELF,3362,1,MA_TRUE,MA_TAGET_TO_SELF
ConditionServer_CheckBuff,365,MA_TAGET_TO_TARGET,3001,1,MA_TRUE,MA_TAGET_TO_ALL
ConditionServer_CheckBuff,366,MA_TAGET_TO_SELF,3008,1,MA_TRUE,MA_TAGET_TO_ALL
ConditionServer_CheckBuff,367,MA_TAGET_TO_SELF,3010,1,MA_TRUE,MA_TAGET_TO_SELF
ConditionServer_CheckBuff,368,MA_TAGET_TO_SELF,3013,1,MA_TRUE,MA_TAGET_TO_SELF
ConditionServer_CheckBuff,378,MA_TAGET_TO_TARGET,3351,6,MA_TRUE,MA_TAGET_TO_SELF
ConditionServer_CheckBuff,369,MA_TAGET_TO_TARGET,3351,7,MA_TRUE,MA_TAGET_TO_SELF
ConditionServer_CheckBuff,370,MA_TAGET_TO_TARGET,3351,8,MA_TRUE,MA_TAGET_TO_SELF
ConditionServer_CheckBuff,371,MA_TAGET_TO_TARGET,3351,9,MA_TRUE,MA_TAGET_TO_SELF
ConditionServer_CheckBuff,372,MA_TAGET_TO_TARGET,3351,10,MA_TRUE,MA_TAGET_TO_SELF
ConditionServer_CheckBuff,373,MA_TAGET_TO_TARGET,3351,11,MA_TRUE,MA_TAGET_TO_SELF
ConditionServer_CheckBuff,380,MA_TAGET_TO_SELF,3364,1,MA_TRUE,MA_TAGET_TO_SELF
ConditionServer_CheckBuff,381,MA_TAGET_TO_SELF,3366,1,MA_TRUE,MA_TAGET_TO_SELF
ConditionServer_CheckBuff,383,MA_TAGET_TO_SELF,3368,1,MA_TRUE,MA_TAGET_TO_SELF
ConditionServer_CheckBuff,384,MA_TAGET_TO_SELF,3133,1,MA_FALSE,MA_TAGET_TO_SELF
ConditionServer_CheckBuff,385,MA_TAGET_TO_SELF,3133,1,MA_TRUE,MA_TAGET_TO_SELF
ConditionServer_CheckBuff,386,MA_TAGET_TO_SELF,3211,1,MA_TRUE,MA_TAGET_TO_SELF
ConditionServer_CheckBuff,387,MA_TAGET_TO_SELF,3211,1,MA_FALSE,MA_TAGET_TO_SELF
ConditionServer_CheckBuff,388,MA_TAGET_TO_SELF,3213,1,MA_TRUE,MA_TAGET_TO_SELF
ConditionServer_CheckBuff,389,MA_TAGET_TO_SELF,3215,1,MA_TRUE,MA_TAGET_TO_SELF
ConditionServer_CheckBuff,390,MA_TAGET_TO_SELF,3216,1,MA_TRUE,MA_TAGET_TO_SELF
ConditionServer_CheckBuff,391,MA_TAGET_TO_SELF,3356,2,MA_TRUE,MA_TAGET_TO_SELF
ConditionServer_CheckBuff,393,MA_TAGET_TO_SELF,3015,1,MA_TRUE,MA_TAGET_TO_SELF
ConditionServer_CheckBuff,394,MA_TAGET_TO_SELF,3016,1,MA_TRUE,MA_TAGET_TO_SELF
ConditionServer_CheckBuff,395,MA_TAGET_TO_SELF,3015,1,MA_FALSE,MA_TAGET_TO_SELF
ConditionServer_CheckBuff,396,MA_TAGET_TO_SELF,3016,1,MA_FALSE,MA_TAGET_TO_SELF
ConditionServer_CheckBuff,392,MA_TAGET_TO_TARGET,3351,10,MA_TRUE,MA_TAGET_TO_SELF
ConditionServer_CheckBuff,397,MA_TAGET_TO_SELF,3352,1,MA_FALSE,MA_TAGET_TO_SELF
ConditionServer_CheckBuff,398,MA_TAGET_TO_SELF,3367,2,MA_FALSE,MA_TAGET_TO_SELF
ConditionServer_CheckBuff,399,MA_TAGET_TO_SELF,3385,1,MA_TRUE,MA_TAGET_TO_SELF
ConditionServer_CheckBuff,400,MA_TAGET_TO_SELF,3138,1,MA_TRUE,MA_TAGET_TO_SELF
ConditionServer_CheckBuff,401,MA_TAGET_TO_SELF,3139,1,MA_TRUE,MA_TAGET_TO_SELF
ConditionServer_CheckBuff,402,MA_TAGET_TO_SELF,3381,1,MA_TRUE,MA_TAGET_TO_SELF
ConditionServer_CheckBuff,403,MA_TAGET_TO_SELF,3381,1,MA_FALSE,MA_TAGET_TO_SELF
ConditionServer_CheckBuff,404,MA_TAGET_TO_SELF,3381,1,MA_TRUE,MA_TAGET_TO_SELF
ConditionServer_CheckBuff,405,MA_TAGET_TO_SELF,3022,36,MA_FALSE,MA_TAGET_TO_SELF
ConditionServer_CheckBuff,406,MA_TAGET_TO_SELF,3022,48,MA_FALSE,MA_TAGET_TO_SELF
ConditionServer_CheckBuff,407,MA_TAGET_TO_SELF,2434,1,MA_FALSE,MA_TAGET_TO_ALL
ConditionServer_CheckBuff,408,MA_TAGET_TO_SELF,2434,1,MA_TRUE,MA_TAGET_TO_ALL
ConditionServer_CheckBuff,411,MA_TAGET_TO_SELF,2036,1,MA_FALSE,MA_TAGET_TO_ALL
ConditionServer_CheckBuff,412,MA_TAGET_TO_SELF,2036,1,MA_TRUE,MA_TAGET_TO_ALL
ConditionServer_CheckBuff,413,MA_TAGET_TO_SELF,46,1,MA_TRUE,MA_TAGET_TO_SELF
ConditionServer_CheckBuff,414,MA_TAGET_TO_SELF,0,0,MA_FALSE,MA_TAGET_TO_SELF
ConditionServer_CheckBuff,415,MA_TAGET_TO_SELF,2137,1,MA_FALSE,MA_TAGET_TO_SELF
ConditionServer_CheckBuff,417,MA_TAGET_TO_SELF,2302,1,MA_TRUE,MA_TAGET_TO_SELF
ConditionServer_CheckBuff,418,MA_TAGET_TO_TARGET,3145,1,MA_TRUE,MA_TAGET_TO_ALL
ConditionServer_CheckBuff,419,MA_TAGET_TO_SELF,1855,1,MA_FALSE,MA_TAGET_TO_SELF
ConditionServer_CheckBuff,420,MA_TAGET_TO_SELF,2341,1,MA_FALSE,MA_TAGET_TO_SELF
ConditionServer_CheckBuff,421,MA_TAGET_TO_SELF,3147,1,MA_TRUE,MA_TAGET_TO_SELF
ConditionServer_CheckBuff,422,MA_TAGET_TO_SELF,2138,1,MA_FALSE,MA_TAGET_TO_SELF
ConditionServer_CheckBuff,423,MA_TAGET_TO_SELF,3297,1,MA_TRUE,MA_TAGET_TO_ALL
ConditionServer_CheckBuff,424,MA_TAGET_TO_SELF,1810,1,MA_TRUE,MA_TAGET_TO_SELF
ConditionServer_CheckBuff,425,MA_TAGET_TO_SELF,1229,1,MA_TRUE,MA_TAGET_TO_SELF
ConditionServer_CheckBuff,426,MA_TAGET_TO_SELF,1809,1,MA_TRUE,MA_TAGET_TO_SELF
ConditionServer_CheckBuff,427,MA_TAGET_TO_SELF,3397,1,MA_TRUE,MA_TAGET_TO_SELF
ConditionServer_CheckBuff,428,MA_TAGET_TO_SELF,1846,1,MA_TRUE,MA_TAGET_TO_ALL
ConditionServer_CheckBuff,433,MA_TAGET_TO_SELF,3050,1,MA_TRUE,MA_TAGET_TO_SELF
ConditionServer_CheckBuff,429,MA_TAGET_TO_SELF,3050,12,MA_FALSE,MA_TAGET_TO_SELF
ConditionServer_CheckBuff,430,MA_TAGET_TO_SELF,3054,1,MA_TRUE,MA_TAGET_TO_SELF
ConditionServer_CheckBuff,431,MA_TAGET_TO_SELF,3056,1,MA_TRUE,MA_TAGET_TO_SELF
ConditionServer_CheckBuff,432,MA_TAGET_TO_SELF,3051,1,MA_TRUE,MA_TAGET_TO_SELF
ConditionServer_CheckBuff,434,MA_TAGET_TO_SELF,3400,1,MA_FALSE,MA_TAGET_TO_SELF
ConditionServer_CheckBuff,435,MA_TAGET_TO_SELF,3400,1,MA_TRUE,MA_TAGET_TO_SELF
ConditionServer_CheckBuff,436,MA_TAGET_TO_SELF,2022,1,MA_TRUE,MA_TAGET_TO_SELF
ConditionServer_CheckBuff,437,MA_TAGET_TO_SELF,1816,1,MA_TRUE,MA_TAGET_TO_SELF
ConditionServer_CheckBuff,438,MA_TAGET_TO_SELF,1813,1,MA_TRUE,MA_TAGET_TO_SELF
ConditionServer_CheckBuff,439,MA_TAGET_TO_TARGET,1377,0,MA_TRUE,MA_TAGET_TO_SELF
ConditionServer_CheckBuff,440,MA_TAGET_TO_SELF,1897,1,MA_TRUE,MA_TAGET_TO_SELF
ConditionServer_CheckBuff,441,MA_TAGET_TO_SELF,1898,1,MA_TRUE,MA_TAGET_TO_SELF
ConditionServer_CheckBuff,442,MA_TAGET_TO_SELF,1898,1,MA_FALSE,MA_TAGET_TO_SELF
ConditionServer_CheckBuff,443,MA_TAGET_TO_SELF,1901,1,MA_TRUE,MA_TAGET_TO_SELF
ConditionServer_CheckBuff,444,MA_TAGET_TO_SELF,3501,2,MA_TRUE,MA_TAGET_TO_SELF
ConditionServer_CheckBuff,445,MA_TAGET_TO_SELF,3501,3,MA_TRUE,MA_TAGET_TO_SELF
ConditionServer_CheckBuff,446,MA_TAGET_TO_SELF,3501,4,MA_TRUE,MA_TAGET_TO_SELF
ConditionServer_CheckBuff,447,MA_TAGET_TO_SELF,3501,5,MA_TRUE,MA_TAGET_TO_SELF
ConditionServer_CheckBuff,448,MA_TAGET_TO_SELF,3501,6,MA_TRUE,MA_TAGET_TO_SELF
ConditionServer_CheckBuff,449,MA_TAGET_TO_SELF,3501,7,MA_TRUE,MA_TAGET_TO_SELF
ConditionServer_CheckBuff,450,MA_TAGET_TO_SELF,3501,1,MA_TRUE,MA_TAGET_TO_SELF
ConditionServer_CheckBuff,451,MA_TAGET_TO_SELF,3013,1,MA_FALSE,MA_TAGET_TO_SELF
ConditionServer_CheckBuff,452,MA_TAGET_TO_SELF,3013,1,MA_TRUE,MA_TAGET_TO_SELF
ConditionServer_CheckBuff,453,MA_TAGET_TO_SELF,2165,1,MA_FALSE,MA_TAGET_TO_SELF
ConditionServer_CheckBuff,454,MA_TAGET_TO_SELF,2165,1,MA_TRUE,MA_TAGET_TO_SELF
ConditionServer_CheckBuff,455,MA_TAGET_TO_SELF,3502,1,MA_TRUE,MA_TAGET_TO_SELF
ConditionServer_CheckBuff,456,MA_TAGET_TO_SELF,3502,2,MA_TRUE,MA_TAGET_TO_SELF
ConditionServer_CheckBuff,457,MA_TAGET_TO_SELF,3502,3,MA_TRUE,MA_TAGET_TO_SELF
ConditionServer_CheckBuff,458,MA_TAGET_TO_SELF,3502,4,MA_TRUE,MA_TAGET_TO_SELF
ConditionServer_CheckBuff,459,MA_TAGET_TO_SELF,3502,5,MA_TRUE,MA_TAGET_TO_SELF
ConditionServer_CheckBuff,460,MA_TAGET_TO_SELF,3502,6,MA_TRUE,MA_TAGET_TO_SELF
ConditionServer_CheckBuff,461,MA_TAGET_TO_SELF,3502,7,MA_TRUE,MA_TAGET_TO_SELF
ConditionServer_CheckBuff,469,MA_TAGET_TO_SELF,3507,1,MA_TRUE,MA_TAGET_TO_SELF
ConditionServer_CheckBuff,472,MA_TAGET_TO_SELF,3702,1,MA_TRUE,MA_TAGET_TO_ALL
ConditionServer_CheckBuff,474,MA_TAGET_TO_TARGET,3704,0,MA_FALSE,MA_TAGET_TO_SELF
ConditionServer_CheckBuff,477,MA_TAGET_TO_SELF,3708,1,MA_FALSE,MA_TAGET_TO_SELF
ConditionServer_CheckBuff,478,MA_TAGET_TO_SELF,3708,1,MA_TRUE,MA_TAGET_TO_SELF
ConditionServer_CheckBuff,479,MA_TAGET_TO_SELF,1874,1,MA_FALSE,MA_TAGET_TO_SELF
ConditionServer_CheckBuff,480,MA_TAGET_TO_SELF,1874,1,MA_TRUE,MA_TAGET_TO_SELF
ConditionServer_CheckBuff,486,MA_TAGET_TO_SELF,3709,1,MA_FALSE,MA_TAGET_TO_SELF
ConditionServer_CheckBuff,481,MA_TAGET_TO_SELF,2226,1,MA_FALSE,MA_TAGET_TO_SELF
ConditionServer_CheckBuff,482,MA_TAGET_TO_SELF,3709,1,MA_TRUE,MA_TAGET_TO_SELF
ConditionServer_CheckBuff,483,MA_TAGET_TO_SELF,3710,1,MA_TRUE,MA_TAGET_TO_SELF
ConditionServer_CheckBuff,484,MA_TAGET_TO_SELF,3712,1,MA_TRUE,MA_TAGET_TO_SELF
ConditionServer_CheckBuff,485,MA_TAGET_TO_SELF,3711,1,MA_FALSE,MA_TAGET_TO_SELF
ConditionServer_CheckBuff,490,MA_TAGET_TO_SELF,3711,1,MA_TRUE,MA_TAGET_TO_SELF
ConditionServer_CheckBuff,491,MA_TAGET_TO_SELF,2442,1,MA_TRUE,MA_TAGET_TO_SELF
ConditionServer_CheckBuff,493,MA_TAGET_TO_SELF,3638,1,MA_TRUE,MA_TAGET_TO_SELF
ConditionServer_CheckBuff,494,MA_TAGET_TO_SELF,2448,1,MA_TRUE,MA_TAGET_TO_SELF
ConditionServer_CheckBuff,495,MA_TAGET_TO_SELF,1898,1,MA_FALSE,MA_TAGET_TO_SELF
ConditionServer_CheckBuff,500,MA_TAGET_TO_TARGET,3012,2,MA_TRUE,MA_TAGET_TO_ALL
ConditionServer_CheckBuff,502,MA_TAGET_TO_SELF,3502,0,MA_FALSE,MA_TAGET_TO_SELF
ConditionServer_CheckBuff,503,MA_TAGET_TO_SELF,3409,1,MA_TRUE,MA_TAGET_TO_SELF
ConditionServer_CheckBuff,504,MA_TAGET_TO_SELF,3411,1,MA_TRUE,MA_TAGET_TO_SELF
ConditionServer_CheckBuff,505,MA_TAGET_TO_SELF,1855,1,MA_FALSE,MA_TAGET_TO_SELF
ConditionServer_CheckBuff,506,MA_TAGET_TO_SELF,1711,1,MA_TRUE,MA_TAGET_TO_SELF
ConditionServer_CheckBuff,507,MA_TAGET_TO_SELF,1711,2,MA_TRUE,MA_TAGET_TO_SELF
ConditionServer_CheckBuff,508,MA_TAGET_TO_SELF,2451,1,MA_FALSE,MA_TAGET_TO_SELF
ConditionServer_CheckBuff,509,MA_TAGET_TO_SELF,2451,1,MA_TRUE,MA_TAGET_TO_SELF
ConditionServer_CheckBuff,510,MA_TAGET_TO_SELF,1804,1,MA_TRUE,MA_TAGET_TO_SELF
ConditionServer_CheckBuff,511,MA_TAGET_TO_SELF,1915,1,MA_FALSE,MA_TAGET_TO_SELF
ConditionServer_CheckBuff,512,MA_TAGET_TO_SELF,1915,1,MA_TRUE,MA_TAGET_TO_SELF
ConditionServer_CheckBuff,514,MA_TAGET_TO_SELF,4082,1,MA_TRUE,MA_TAGET_TO_SELF
ConditionServer_CheckBuff,515,MA_TAGET_TO_SELF,4083,1,MA_FALSE,MA_TAGET_TO_SELF
ConditionServer_CheckBuff,516,MA_TAGET_TO_SELF,4083,1,MA_TRUE,MA_TAGET_TO_SELF
ConditionServer_CheckBuff,517,MA_TAGET_TO_SELF,4085,1,MA_TRUE,MA_TAGET_TO_SELF
ConditionServer_CheckBuff,523,MA_TAGET_TO_SELF,3025,1,MA_FALSE,MA_TAGET_TO_SELF
ConditionServer_CheckBuff,524,MA_TAGET_TO_SELF,3025,1,MA_TRUE,MA_TAGET_TO_SELF
ConditionServer_CheckBuff,526,MA_TAGET_TO_SELF,4078,1,MA_FALSE,MA_TAGET_TO_SELF
ConditionServer_CheckBuff,527,MA_TAGET_TO_SELF,2408,3,MA_FALSE,MA_TAGET_TO_SELF
ConditionServer_CheckBuff,528,MA_TAGET_TO_TARGET,2447,1,MA_FALSE,MA_TAGET_TO_ALL
ConditionServer_CheckBuff,529,MA_TAGET_TO_TARGET,2447,1,MA_TRUE,MA_TAGET_TO_ALL
ConditionServer_CheckBuff,530,MA_TAGET_TO_SELF,3226,1,MA_TRUE,MA_TAGET_TO_SELF
ConditionServer_CheckBuff,531,MA_TAGET_TO_SELF,3226,1,MA_FALSE,MA_TAGET_TO_SELF
ConditionServer_CheckBuff,532,MA_TAGET_TO_SELF,3227,1,MA_TRUE,MA_TAGET_TO_SELF
ConditionServer_CheckBuff,533,MA_TAGET_TO_SELF,3227,1,MA_FALSE,MA_TAGET_TO_SELF
ConditionServer_CheckBuff,534,MA_TAGET_TO_SELF,3228,1,MA_TRUE,MA_TAGET_TO_SELF
ConditionServer_CheckBuff,535,MA_TAGET_TO_SELF,3228,1,MA_FALSE,MA_TAGET_TO_SELF
ConditionServer_CheckBuff,536,MA_TAGET_TO_SELF,4105,1,MA_FALSE,MA_TAGET_TO_SELF
ConditionServer_CheckBuff,537,MA_TAGET_TO_SELF,4105,1,MA_TRUE,MA_TAGET_TO_SELF
ConditionServer_CheckBuff,538,MA_TAGET_TO_TARGET,3012,1,MA_TRUE,MA_TAGET_TO_ALL
ConditionServer_CheckBuff,539,MA_TAGET_TO_TARGET,3012,0,MA_FALSE,MA_TAGET_TO_ALL
ConditionServer_CheckBuff,540,MA_TAGET_TO_SELF,100,1,MA_TRUE,MA_TAGET_TO_SELF
ConditionServer_CheckBuff,541,MA_TAGET_TO_SELF,100,2,MA_TRUE,MA_TAGET_TO_SELF
ConditionServer_CheckBuff,542,MA_TAGET_TO_SELF,3138,1,MA_FALSE,MA_TAGET_TO_SELF
ConditionServer_CheckBuff,543,MA_TAGET_TO_SELF,3102,1,MA_TRUE,MA_TAGET_TO_SELF
ConditionServer_CheckBuff,544,MA_TAGET_TO_SELF,3113,1,MA_TRUE,MA_TAGET_TO_SELF
ConditionServer_CheckBuff,545,MA_TAGET_TO_SELF,2466,1,MA_FALSE,MA_TAGET_TO_SELF
ConditionServer_CheckBuff,546,MA_TAGET_TO_SELF,2466,1,MA_TRUE,MA_TAGET_TO_SELF
ConditionServer_CheckBuff,547,MA_TAGET_TO_SELF,2467,1,MA_TRUE,MA_TAGET_TO_SELF
ConditionServer_CheckBuff,548,MA_TAGET_TO_SELF,2468,1,MA_TRUE,MA_TAGET_TO_SELF
ConditionServer_CheckBuff,549,MA_TAGET_TO_SELF,2470,1,MA_TRUE,MA_TAGET_TO_SELF
ConditionServer_CheckBuff,550,MA_TAGET_TO_SELF,2118,0,MA_FALSE,MA_TAGET_TO_SELF
ConditionServer_CheckBuff,551,MA_TAGET_TO_SELF,3517,1,MA_TRUE,MA_TAGET_TO_SELF
ConditionServer_CheckBuff,552,MA_TAGET_TO_TARGET,3019,1,MA_FALSE,MA_TAGET_TO_ALL
ConditionServer_CheckBuff,553,MA_TAGET_TO_SELF,2116,1,MA_TRUE,MA_TAGET_TO_SELF
ConditionServer_CheckBuff,554,MA_TAGET_TO_SELF,2480,1,MA_TRUE,MA_TAGET_TO_SELF
ConditionServer_CheckBuff,555,MA_TAGET_TO_SELF,2139,1,MA_FALSE,MA_TAGET_TO_SELF
ConditionServer_CheckBuff,556,MA_TAGET_TO_SELF,2483,1,MA_TRUE,MA_TAGET_TO_SELF
ConditionServer_CheckBuff,558,MA_TAGET_TO_TARGET,3650,4,MA_TRUE,MA_TAGET_TO_SELF
ConditionServer_CheckBuff,562,MA_TAGET_TO_SELF,1661,0,MA_TRUE,MA_TAGET_TO_SELF
ConditionServer_CheckBuff,563,MA_TAGET_TO_SELF,3401,1,MA_TRUE,MA_TAGET_TO_SELF
ConditionServer_CheckBuff,564,MA_TAGET_TO_SELF,4079,1,MA_FALSE,MA_TAGET_TO_SELF
ConditionServer_CheckBuff,566,MA_TAGET_TO_SELF,2250,1,MA_FALSE,MA_TAGET_TO_SELF
ConditionServer_CheckBuff,567,MA_TAGET_TO_TARGET,3070,1,MA_TRUE,MA_TAGET_TO_ALL
ConditionServer_CheckBuff,568,MA_TAGET_TO_SELF,3074,0,MA_TRUE,MA_TAGET_TO_ALL
ConditionServer_CheckBuff,569,MA_TAGET_TO_TARGET,3009,1,MA_TRUE,MA_TAGET_TO_ALL
ConditionServer_CheckBuff,570,MA_TAGET_TO_SELF,3079,0,MA_TRUE,MA_TAGET_TO_ALL
ConditionServer_CheckBuff,571,MA_TAGET_TO_SELF,1873,1,MA_TRUE,MA_TAGET_TO_SELF
ConditionServer_CheckBuff,572,MA_TAGET_TO_SELF,2996,1,MA_TRUE,MA_TAGET_TO_SELF
ConditionServer_CheckBuff,575,MA_TAGET_TO_SELF,3681,1,MA_TRUE,MA_TAGET_TO_SELF
ConditionServer_CheckBuff,574,MA_TAGET_TO_SELF,3683,1,MA_TRUE,MA_TAGET_TO_SELF
ConditionServer_CheckBuff,577,MA_TAGET_TO_SELF,4944,1,MA_TRUE,MA_TAGET_TO_SELF
ConditionServer_CheckBuff,579,MA_TAGET_TO_SELF,4947,1,MA_TRUE,MA_TAGET_TO_SELF
ConditionServer_CheckBuff,607,MA_TAGET_TO_SELF,4863,1,MA_TRUE,MA_TAGET_TO_SELF
ConditionServer_CheckBuff,598,MA_TAGET_TO_TARGET,4841,1,MA_TRUE,MA_TAGET_TO_OPERATOR
ConditionServer_CheckBuff,599,MA_TAGET_TO_TARGET,4841,2,MA_TRUE,MA_TAGET_TO_OPERATOR
ConditionServer_CheckBuff,600,MA_TAGET_TO_TARGET,4841,3,MA_TRUE,MA_TAGET_TO_OPERATOR
ConditionServer_CheckBuff,601,MA_TAGET_TO_TARGET,4841,4,MA_TRUE,MA_TAGET_TO_OPERATOR
ConditionServer_CheckBuff,602,MA_TAGET_TO_TARGET,4841,5,MA_TRUE,MA_TAGET_TO_OPERATOR
ConditionServer_CheckBuff,597,MA_TAGET_TO_SELF,4850,1,MA_TRUE,MA_TAGET_TO_SELF
ConditionServer_CheckBuff,603,MA_TAGET_TO_SELF,4851,1,MA_TRUE,MA_TAGET_TO_SELF
ConditionServer_CheckBuff,604,MA_TAGET_TO_SELF,4856,1,MA_TRUE,MA_TAGET_TO_SELF
ConditionServer_CheckBuff,605,MA_TAGET_TO_SELF,4859,1,MA_TRUE,MA_TAGET_TO_ALL
ConditionServer_CheckBuff,606,MA_TAGET_TO_SELF,4856,1,MA_TRUE,MA_TAGET_TO_SELF
ConditionServer_CheckBuff,592,MA_TAGET_TO_SELF,4958,1,MA_TRUE,MA_TAGET_TO_SELF
ConditionServer_CheckBuff,593,MA_TAGET_TO_SELF,4963,1,MA_TRUE,MA_TAGET_TO_ALL
ConditionServer_CheckBuff,594,MA_TAGET_TO_SELF,4958,1,MA_FALSE,MA_TAGET_TO_SELF
ConditionServer_CheckBuff,595,MA_TAGET_TO_SELF,4965,1,MA_TRUE,MA_TAGET_TO_SELF
ConditionServer_CheckBuff,583,MA_TAGET_TO_SELF,2506,1,MA_TRUE,MA_TAGET_TO_SELF
ConditionServer_CheckBuff,584,MA_TAGET_TO_SELF,2507,1,MA_TRUE,MA_TAGET_TO_SELF
ConditionServer_CheckBuff,585,MA_TAGET_TO_SELF,2510,1,MA_TRUE,MA_TAGET_TO_SELF
ConditionServer_CheckBuff,586,MA_TAGET_TO_SELF,2512,1,MA_TRUE,MA_TAGET_TO_SELF
ConditionServer_CheckBuff,587,MA_TAGET_TO_SELF,2514,1,MA_TRUE,MA_TAGET_TO_SELF
ConditionServer_CheckBuff,588,MA_TAGET_TO_SELF,2516,1,MA_TRUE,MA_TAGET_TO_SELF
ConditionServer_CheckBuff,589,MA_TAGET_TO_SELF,2517,1,MA_TRUE,MA_TAGET_TO_SELF
ConditionServer_CheckBuff,611,MA_TAGET_TO_SELF,3380,1,MA_TRUE,MA_TAGET_TO_SELF
ConditionServer_CheckBuff,612,MA_TAGET_TO_TARGET,2329,1,MA_FALSE,MA_TAGET_TO_ALL
ConditionServer_CheckBuff,613,MA_TAGET_TO_TARGET,1361,1,MA_FALSE,MA_TAGET_TO_ALL
ConditionServer_CheckBuff,614,MA_TAGET_TO_TARGET,1769,1,MA_FALSE,MA_TAGET_TO_ALL
ConditionServer_CheckBuff,615,MA_TAGET_TO_TARGET,1771,1,MA_FALSE,MA_TAGET_TO_ALL
ConditionServer_FindTarget,44,10,1310852
ConditionServer_CheckFocoEnergiaPCT,45,0,0.5
ConditionServer_CheckFocoEnergiaPCT,46,0.51,1
ConditionServer_CheckFocoEnergiaPCT,513,0.99,1
ConditionServer_CheckChangeWingState,59,WING_STATE_START_FLY
ConditionServer_CheckChangeWingState,60,WING_STATE_FLOOR
ConditionServer_CheckBuffChangeTarget,68,20,2719864,1476,1,MA_TRUE,MA_TAGET_TO_SELF,MA_FALSE
ConditionServer_CheckBuffChangeTarget,77,20,2719864,1491,1,MA_TRUE,MA_TAGET_TO_SELF,MA_FALSE
ConditionServer_CheckBuffChangeTarget,78,7,40,1274,1,MA_TRUE,MA_TAGET_TO_SELF,MA_FALSE
ConditionServer_CheckBuffChangeTarget,94,20,40,1681,1,MA_TRUE,MA_TAGET_TO_OPERATOR,MA_FALSE
ConditionServer_CheckBuffChangeTarget,110,20,2719866,108,1,MA_TRUE,MA_TAGET_TO_SELF,MA_TRUE
ConditionServer_CheckBuffChangeTarget,228,7,128,126,0,MA_TRUE,MA_TAGET_TO_SELF,MA_TRUE
ConditionServer_CheckBuffChangeTarget,409,50,2,3205,0,MA_TRUE,MA_TAGET_TO_OPERATOR,MA_FALSE
ConditionServer_CheckBuffChangeTarget,560,6,8,2206,1,MA_TRUE,MA_TAGET_TO_SELF,MA_FALSE
ConditionServer_CheckBuffChangeTarget,561,6,8,2206,1,MA_TRUE,MA_TAGET_TO_SELF,MA_FALSE
ConditionServer_CheckBuffChangeTarget,573,5,2719864,3406,1,MA_TRUE,MA_TAGET_TO_SELF,MA_FALSE
ConditionServer_CheckBuffChangeTarget,582,7,1048704,2501,0,MA_TRUE,MA_TAGET_TO_SELF,MA_TRUE
ConditionServer_CheckBuffChangeTarget,608,20,2,2604,1,MA_TRUE,MA_TAGET_TO_SELF,MA_FALSE
ConditionServer_CheckBuffType,86,MA_TAGET_TO_TARGET,40,262144,MA_TRUE
ConditionServer_CheckBuffType,87,MA_TAGET_TO_TARGET,40,262144,MA_FALSE
ConditionServer_CheckBuffType,93,MA_TAGET_TO_SELF,1,1048576,MA_TRUE
ConditionServer_CheckBuffType,314,MA_TAGET_TO_TARGET,2719866,2097152,MA_FALSE
ConditionServer_CheckBuffType,410,MA_TAGET_TO_TARGET,40,2097152,MA_TRUE
ConditionServer_CheckMapFly,331,1
ConditionServer_CheckCharge,416,OPERATOR_GREATER_THAN,2000
ConditionServer_CheckFightState,470,MA_FALSE,100012
ConditionServer_CheckBulletCount,492,OPERATOR_NOT_EQUAL,0
ConditionServer_CheckBulletCount,498,OPERATOR_EQUAL,0
ConditionServer_CheckBulletCount,499,OPERATOR_NOT_EQUAL,36
ConditionServer_CheckBulletCount,522,OPERATOR_NOT_EQUAL,24
ConditionServer_CheckBulletCount,525,OPERATOR_NOT_EQUAL,48
ConditionClient_HP,21,MA_TAGET_TO_TARGET,MA_VALUE_NUM,0,200,0
ConditionClient_HP,43,MA_TAGET_TO_SELF,MA_VALUE_PER,0,30,0
ConditionClient_HP,590,MA_TAGET_TO_SELF,MA_VALUE_PER,20,100,100020
ConditionClient_Distance,8,1000,DISTANCE_TARGET
ConditionClient_Distance,63,500,DISTANCE_TARGET
ConditionClient_Distance,64,1000,DISTANCE_TARGET
ConditionClient_Distance,520,600,DISTANCE_TARGET
ConditionClient_Stamina,202,20
ConditionClient_CheckFightState,471,MA_FALSE,100012
ConditionClient_CheckTarget,518,2621456
ConditionClient_CheckTarget,521,2719864
ConditionClient_CheckBuff,496,MA_TAGET_TO_SELF,3401,0,MA_TRUE,MA_TAGET_TO_SELF
ConditionClient_CheckBuff,519,MA_TAGET_TO_SELF,12,1,MA_FALSE,MA_TAGET_TO_SELF
ConditionClient_CheckBuff,565,MA_TAGET_TO_SELF,4079,1,MA_FALSE,MA_TAGET_TO_SELF
ConditionClient_CheckBuff,578,MA_TAGET_TO_SELF,4944,1,MA_TRUE,MA_TAGET_TO_SELF
ConditionClient_CheckBuff,580,MA_TAGET_TO_SELF,4947,1,MA_TRUE,MA_TAGET_TO_SELF
