索引,名称
int,string
1,堕落的肖强
2,小酸柠檬
3,屋里屋外
4,Eizer很强大
5,真的很嚣张的嚣强
6,水涧石头
7,你瞅啥就瞅你咋滴
8,最艾薇儿
9,迷糊之精灵
10,Louis14
11,发条那个魔灵
12,逗逗打豆豆
13,老斯是我的
14,夜风的老黄
15,虎哥那一夜
16,AzureWrath
17,随流行而来
18,傻瓜来咯
19,陀铃声响
20,叫什么好呢
21,zzzzzZ
22,躺下装死
23,一碗孟婆汤
24,一梦一轮回
25,梦幻侠明
26,风一样的飞
27,风起Ｄe日子
28,埠头章鱼
29,大菜包吃包子
30,我想静静
31,隔壁老王
32,陈大爷v5
33,傀儡の隐
34,看破红尘不剃头
35,猥琐的小弦
36,九星剑临
37,傲拳の狂连
38,浮云灬苍月
39,天策K真龙
40,致命メ一刀
41,斧斩苍穹
42,艹苍穹灬
43,洪龙霸天刀
44,丿刀丶灬锋艹
45,烈酒焚心
46,霸剑皇侯
47,影之メ哀伤
48,一生戎马杀敌无数
49,血意最暴虐
50,天下灬归心
51,PKメ我最骚
52,单枪匹马又如何
53,苍穹战无极
54,极度☆风流
55,屠神灭敌敌畏
56,弑鬼神躺
57,恶魔少爷
58,影魅能菲
59,狂战メ剑魂
60,斩魂第一刀
61,王者剑啸
62,红眼魔君
63,疾风魔影
64,一世浮生
65,月色如殇
66,覆手倾天下
67,魔临天下
68,梦幻杀手
69,老娘不拽怎么活
70,姐就是暴力范
71,一样的霸气
72,姐的美叫资本
73,独霸你N温柔
74,最美不过须臾
75,う眉眼青葱
76,青衣沾雨醉红尘
77,花前半日醒
78,夏七夕不是错
79,愿做春风暖人心
80,懒懒的海风
81,微雨花间
82,醉花荫下
83,°___沫茶
84,一夜落花
85,记忆浅笑
86,拭抹阳光抱紧
87,驿路梨花
88,春花落尽成秋色
89,萌哒哒的小二货
90,柳絮飞时花满城
91,繁花落尽执谁手
92,牵着蚂蚁去散步
93,一生戎马人孤独
94,一壶烈酒醉青春
95,咱、拼了命珍惜
96,彼岸花开忆流年
97,故人以北爱荒凉
98,不负岁月不负
99,拾心人榨干了
100,旧友人一堆
101,诗友记你不懂
102,梦里梦不出的他
103,逆旅大神
104,人海孤独旅
105,我心似石
106,假如你是烙铁
107,`习惯裸睡
108,怀里躲风
109,深情疙瘩爱人
110,别笑我傻
111,青眸一笑非
112,处不到的友
113,自爆如何
114,何必纠缠
115,谁的青春不饥渴
116,耗尽热情
117,WiFi伴侣
118,红内裤丢了
119,没名无姓第一人
120,害怕分离小朋友
121,提前过六一
122,晒成人渣i
123,我是小学渣
124,不会批试卷i
125,看着天念
126,那壹刻妖娆
127,我舞影凌乱
128,月落醉红尘
129,秋萝茗瑰缘
130,论旧日悲伤
131,秋风的记忆
132,唯美、惜缘分
133,雪漫似穹天
134,斯人独憔悴
135,倾一池温柔
136,最美得回
137,深秋的落叶
138,醉江南倦客
139,醉色染红颜
140,红颜丶那么美
141,mD棒棒糖W
142,泪滴在琴上
143,搁浅那回忆
144,人醒梦亦碎
145,倒叙的时光
146,把梦藏起来
147,桥_雨中
148,淋湿的记忆
149,想念式、残缺
150,似锦的悲伤
151,残破天使翼
152,指尖的落{
153,伊人淡雅泪
154,七色花爱恋
155,押韵的悲伤
156,花_自
157,最初的模样
158,旧时光丶落笔
159,执笔写花凄
160,日暮盼归人
161,寂寞开出花
162,眼I令人醉
163,安锦辰g唯美
164,月色挂妆容
165,花_t、
166,寂寞独飞雁
167,不寐倦长更
168,桃花定终生
169,傲视笑红尘
170,夜雨透故人
171,哀伤的月季
172,花飘水自流
173,满溪流水香
174,秋风、悲画卷
175,悲伤印眼眸
176,花，T人醉
177,唯美的幸福
178,素颜繁华梦
179,の海枯石烂
180,记忆里搁浅
181,倚楼倒夏
182,冷眸笑红尘
183,落花无相依
184,佐手~庵
185,雨季、莫忧离
186,花落月夜
187,那段狠美
188,寸寸久阳光
189,深情的告白
190,漫天樱花雪
191,繁华葬悲情
192,街角、丢幸福
193,霜华洞箫殇
194,寄一缕相思
195,惆怅暮烟垂
196,霏琅咫天涯
197,风雨有傲气丿
198,流年里沉S
199,画面似从前
200,坐愁红颜老
201,叹初时年华
202,挚瑶满夙缘
203,单身闯天下
204,笑看你变狗
205,冷月醉夕阳
206,男人必须傲
207,此人须珍藏
208,帅酷又撩人
209,勇者超无敌
210,人帅不说话
211,菊花开瓶盖
212,寒气震四方
213,朕霸剑横空
214,天啸傲龙飞
215,W秒杀于无形
216,温柔女杀手
217,劳资女王范
218,雪漫似穹天
219,浓浓の男人味
220,腻了就滚吧
221,万战不提刃
222,冷眼看你装
223,逍遥圣佑轩
224,天翔苍龙破
225,老子不稀罕
226,猛虎总孤行
227,爷就是很拽
228,纵马取敌首
229,醉眼看苍生
230,泰坦狂暴战
231,灵魂摆渡人
232,呐殇太刺眼
233,]剑指天下
234,逍遥独凌天
235,救赎者之戒
236,吟雪照山乾
237,本皇只要你
238,铁马踏冰河
239,徒手战沙场
240,帅死你个萌
241,独坐君王位
242,剑歌踏天下
243,伤莪灬你不配
244,不爱滚远点
245,一掌震八方
246,桃花暴发户
247,慕后煮屎者
248,永恒总成空
249,虐尸者魔风
250,没事别发光i
251,酷炫老祖宗
252,虎口夺江山
253,傲似你祖宗
254,闷骚丶气质哥
255,一战定江山
256,一身王傲气
257,孤雪寂江寒
258,男神综合征
259,横刀向天笑
260,酷到没出路
261,仗剑倚青天
262,一览众山小
263,仗剑闯天下
264,傲娇范、女王
265,冥王啻非天
266,十步杀一人
267,纵横王者路
268,爷霸凌全服
269,一拳打死你
270,为爱战天下丶
271,叼烟闯天下
272,不朽神王
273,战王萝莉
274,夜炙至尊
275,┉至尊狂魔┈
276,你算毛~啊
277,虐你如虐狗
278,帝王江山
279,男人不拽要俊逸
280,滚╇离哥远点
281,黑界祖宗
282,独步杀戮
283,枪蹦狗友
284,我操敢抢我的
285,从小就拉风
286,噬血啸月
287,弑神自封
288,跪下、叫帅哥
289,狂妄称帝
290,爷来取你狗命
291,残忍的杀戮
292,惹你贱笑
293,旧念何挽
294,酷炫老祖宗
295,炫舞狂魔
296,新一代狙神ま
297,琳琅女称霸全服
298,魔尊弑神
299,劳资独宠一方
300,风驭の猎
301,瘦成闪电劈死你
302,宫丶没时间
303,亮瞎你的小眼睛
304,独孤战天
305,你祖奶我很ok
306,狗友你别瞅
307,虐菜是享受
308,拽到扒了你
309,狙神猛禽
310,你放学等着
311,少女收割机
312,傲视狂杀
313,傲天龙霸天下
314,修罗の传说
315,爷只是神话ㄨ
316,世当戮灭
317,中分女神
318,至尊づ无敌
319,坟场蹦迪c
320,渲染死亡的华丽
321,霸气╉极度嗜杀
322,装逼造脸一顿踢
323,贪狼天尊
324,不狂不战不是人
325,问世间谁能敌我
326,老铁h圣灬霸王
327,腿粗你不服啊
328,铭华丶族丿主宰
329,哥哥放屁崩死你
330,超能灬ナ帅哥
331,姐就是拽
332,霸天怒苍龙
333,别看了你帅不过
334,举起手来蹲墙角
335,灵魂丶虐杀
336,逆天邪神
337,炼狱和死神
338,第一帅男
339,帝王之战
340,动我女神全撸倒
341,甩你是给你面子
342,无始大帝
343,滚啊老子最酷！
344,冷心冷血冷感情
345,Rnsh-逆神
346,掏枪毙了你
347,金萌帝
348,「狂神战天」
349,一步一灭
350,来此取汝狗头
351,老子来虐菜
352,从我的世界滚犊
353,天帝杀神
354,碾压一切
355,给朕跪下知道不
356,持枪走四方
357,甩你一脸翔
358,剑拭锋芒
359,杀尽天下叛我者
360,天地间我就是规
361,提刀杀尽天下人
362,夜死神降临
363,我说Fuck怎
364,浪帝睥睨
365,贱人a无处不在
366,六祸苍龙
367,不傲怎称霸
368,弑杀天下
369,傲似你祖宗
370,拽、婆娘
371,我是超人萌萌哒
372,魔道无双
373,给脸别傲
374,我的女人是霸主
375,傲刀我是谁
376,狂灵在世
377,霸王灬归来
378,毁灭性硬妹子
379,一言不合拔刀就
380,炒鸡帅的小哥哥
381,梦战苍穹
382,污到光宗耀祖
383,傲血狂沙
384,岛上称霸
385,众神灭世
386,爷们跪下说
387,狼の嚣张
388,不要挡在朕面前
389,W秒杀于无形
390,★・°我是王者
391,本皇只要你
392,灭团★之星
393,独霸飞龙成景
394,爷灬战魂
395,美女疯骚天下
396,霸王犀利哥
397,暗夜メ霸主
398,一屁崩死全f人
399,贰柒.灭世
400,鬼手☆巴隆
401,天地メ纵横
402,朕、只手遮天
403,尸体制造ヤ者
404,叱诧风云：龙
405,无敌※覆三界
406,魔龙祭天
407,午夜屠猪メ男
408,灬受跪拜
409,异界★将军彡
410,帝王メ战神
411,狂魔斩天下
412,艹天丶莪霸
413,ご君流月黑嗜
414,引领先锋
415,]手湮灭
416,嚣张★神话
417,孤翼炽天使
418,龙游＆云
419,至尊づ无敌
420,傲世天下r
421,山寨苍天哥
422,弑魂★霸气
423,风雨笑中州
424,弑血メ花月夜
425,ぉ狂战★修罗彡
426,冷面绝恒
427,狂神秒杀
428,不败灬哥
429,浴血便重生
430,鹕耢s耀
431,那谁丶给姐站住
432,皓せC霸绝天下
433,傲视☆天龙彡
434,涩情メ一刀
435,ご霸气回潮ぃ
436,冷眼看醚
437,禁区、止步
438,o痕W浪子
439,纵横灬四海ぃ
440,挑战神话
441,烽火烟云
442,晚上メ削你
443,sky灬东丶哥
444,ご蓝步★雨调彡
445,^佶ミ
446,温柔少女控
447,太坚强是软弱
448,剥夺你的资格
449,各种姿势各种嗨
450,嘴甜心狠办事稳
451,罗衫轻袖舞飞扬
452,奇葩姑娘拽天下
453,要走趁早
454,仅剩的那一点温
455,怪我寂寞成癖
456,一路独行也罢
457,二逼那叫范儿
458,没有公主命我有
459,孜然味的小怪兽
460,各自安好
461,动心不动情
462,女人本该活得骄
463,悲催小人生
464,带着你的虚伪滚
465,疯的很正经
466,霸道a完结版
467,故人以北爱荒凉
468,夜袭男宿舍
469,^去、再
470,快乐丶在明天
471,到末世再疯狂
472,念念不忘。
473,疏离一世妖轻狂
474,站在拐弯处的街
475,良辰好景不如他
476,我为寂寞代言
477,我很拽i你怎样
478,人海孤独症
479,姐的美无可挑剔
480,大明湖畔卖内衣
481,思绪跑了调、
482,借给你的肩膀还
483,年少轻狂你狂
484,劳资就不淑女范
485,falsen剩
486,别尽良宵画良辰
487,厕所只是一片
488,娘们的外表爷们
489,该滚就滚
490,桀骜不驯
491,我愿意溺死在你
492,挥洒永不褪色
493,姐飞机场姐骄
494,女神级的真汉子
495,秒你不解释*
496,滚的虚情假
497,世纪缺少的是风
498,三岁就会撩汉
499,女人不妖怎能独
500,逾期不候
501,情意如海浪
502,流泪的向日葵
503,禁止掩饰此心
504,不多情你会死吗
505,微笑诠释①切
506,自作孽不可活
507,背着棺材跳舞
508,妄深拥你是谁
509,陌颜的陌颜
510,给回忆装上删除
511,相思病患者丶
512,温柔喂了狗
513,落幕/的回忆
514,咔哇咿の箪纯
515,别说你认真了
516,花花世界花家姐
517,孬孬的你
518,城丶萌筱
519,智商未成年
520,半世蹉跎/。
521,酷态的你
522,Y我有病丶你有
523,欲擒故纵纵然满
524,王冷静i
525,待我为王封你
526,打败老班我就当
527,对着校长跳咆哮
528,蹲坑要看地i
529,春梦总被尿憋醒
530,霸你心丶霸你床
531,装逼卖萌无所不
532,シ久绊梦醒魂未
533,氢氧化边i
534,贱人不贱何来无
535,扣菊闻其手i
536,久溺深海淹死活
537,看着子弹站不
538,香烟配潘
539,你再长发及腰我
540,欲戴王冠稳你心
541,站在小三婚礼上
542,我有煞气i
543,想让哥低头除
544,无妻徒刑的
545,此生为红颜
546,国民萌叔
547,别将过去抱的太
548,舔着棒棒糖看
549,卡皇不怕夙愿
550,待我西装整洁亮
551,全世界的逻辑都
552,邋遢的很有范e
553,天黑路滑社会人
554,孟婆卖萌不卖汤
555,老是被别人一头
556,森系男赖上拽
557,叼着棒棒糖拽天
558,闹够了就去吃药
559,凉城少女我最爱
560,不疯不颠
561,你滚开我心情愉
562,脚踏两只船不幸
563,你看你笑的像狗
564,扯一抹笑继续倔
565,拼搏的你
566,够拽够逗够个性
567,万人中央你真会
568,逗比的世界你不
569,爱情逃不过分手
570,a绝版男大
571,精神领袖!
572,删了你网速果然
573,猥琐大叔@
574,骚年别当狗、谁
575,边走边爱反正
576,我的巴掌和你的
577,~考不上高中我
578,白酒加雪碧73
579,长颈的猫
580,B傲娇的小碎步
581,总有刁民想害朕
582,小小太阳花a≥
583,ｄ踮脚萌妹＊￣
584,≥≤草莓3大
585,树街的猫
586,喵咩咩咩
587,r秒杀软妹q
588,小小的萌ブ^O
589,果冻乖甜
590,一坨肥兔yo
591,^~^奶味跣
592,ω揉揉猫头ζ
593,想吃可爱熊的竹
594,阿猫阿狗
595,→呆萌傻o_o
596,デ可爱型号0′
597,爱A、勒囡囝
598,胡萝卜炖小白兔
599,我有超能力！
600,陶瓷娃娃
601,卖萌你买不买
602,萝莉的烦躁期
603,卷猫卷猫
604,傻袍子@
605,~醉态萌生
606,小<阔爱
607,ㄟ月野兔
608,吃我一记可爱
609,(<板凳儿喵儿
610,ㄟ迷人可爱萌
611,小苛郓
612,嗲声奶气童稚话
613,梅花兔甜筒
614,屺r就跑
615,Ｃccc橙子。
616,桃酥萝莉
617,空大卖萌怪我咯
618,宀级√鸨Ρ矗
619,O樱桃口罩妹
620,萌萌哒奇葩i
621,O口出萌言O
622,柠檬味的萌◇-
623,ε软妹拍卖
624,３油炸小可爱°
625,′苹果你个爱泡
626,我是不是不够萌
627,T～奶香萝莉娘
628,跫⒍雒权RQ
629,秀色可萌ぃ
630,北街浊酒
631,萝莉教主
632,萌喵幼女
633,∞F小傲娇
634,babe宝贝
635,奶油小可爱
636,√萝莉の恋猫癖
637,{我要萌化了拉
638,橘子味的跣”
639,ぃv萌咖软妹
640,甜妹の娇羞
641,呆萌萝莉甜甜酱
642,本小姐会发光吖
643,我是小女银~
644,BOOM_软酱
645,女皇的红唇i
646,蛞及盐n剑
647,糖醋污女
648,queen.
649,空城丶半夏微凉
650,姐、如花般耀眼
651,少女情怀总是诗
652,场sαη局
653,北方姑娘°
654,天真电灯泡
655,黑巷里的红唇-
656,萌面女神
657,爱你会发光呀^
658,Fairy°好
659,戏里痴
660,故事与我相随シ
661,九九女神~
662,ゼ*半杯婢
663,南笙菇凉丶
664,姐是你的信仰
665,姐就是暴力范e
666,棒棒阿姨
667,眩晕の智障仙女
668,傲娇小橘子
669,短发女子
670,夕夏温纯°
671,爱睡懒觉的姑凉
672,岢Eの承诺
673,奇葩少女
674,绿水无忧
675,给我一个微笑ㄟ
676,予醉伴花眠
677,爱咬下唇的萌女
678,Aries°气
679,菇凉我百毒不侵
680,醉笑红尘千场
681,大萌女i
682,长发及腰i
683,梦jianるj
684,我娘她女儿最美
685,大不列颠女王
686,浪荡稚女心
687,橘落淮南终成枳
688,wuli兔子
689,姐的心禁止访
690,让时光到此为止
691,旧城里哭花了脸
692,ご笨吖^ミL
693,雨落心尘
694,老娘今生认定了
695,短发菇凉就是帅
696,清颜折笙
697,本小姐会发光吖
698,我是小女银~
699,BOOM_软酱
700,女皇的红唇i
701,蛞及盐n剑
702,糖醋污女
703,queen.
704,空城丶半夏微凉
705,姐、如花般耀眼
706,少女情怀总是诗
707,场sαη局
708,北方姑娘°
709,天真电灯泡
710,黑巷里的红唇-
711,萌面女神
712,爱你会发光呀^
713,Fairy°好
714,戏里痴
715,故事与我相随シ
716,九九女神~
717,ゼ*半杯婢
718,南笙菇凉丶
719,姐是你的信仰
720,姐就是暴力范e
721,棒棒阿姨
722,眩晕の智障仙女
723,傲娇小橘子
724,短发女子
725,夕夏温纯°
726,爱睡懒觉的姑凉
727,岢Eの承诺
728,奇葩少女
729,绿水无忧
730,给我一个微笑ㄟ
731,予醉伴花眠
732,爱咬下唇的萌女
733,Aries°气
734,菇凉我百毒不侵
735,醉笑红尘千场
736,大萌女i
737,长发及腰i
738,梦jianるj
739,我娘她女儿最美
740,大不列颠女王
741,浪荡稚女心
742,橘落淮南终成枳
743,wuli兔子
744,姐的心禁止访
745,让时光到此为止
746,旧城里哭花了脸
747,ご笨吖^ミL
748,雨落心尘
749,老娘今生认定了
750,短发菇凉就是帅
751,清颜折笙
752,横竖都是二
753,别闹~我蛋疼
754,念着倒嘛干
755,卖萌专业户
756,骑猪Δ追太阳
757,帅得想毁容
758,下课逮个鱼
759,炕上随你弄
760,潘糠仿艋
761,傲似。表情帝
762,你丑到我了
763,⌒小污见ノ大污
764,又污又可爱
765,干净没朋友
766,人帅是非多
767,美少女壮士
768,{贰}晚~
769,村里第一帅
770,笑死大姨妈
771,上帝也卖萌
772,复婚吧少年
773,身王八气
774,水煮美人鱼
775,腐眼看人基
776,闲蛋小超人
777,帅能当饭吃
778,爷就这叛
779,节操嘎嘣脆
780,人丑多读书
781,懒得取名字
782,猥略有小琐
783,巅峰小学生
784,燃烧的胸毛
785,辣条小宫举
786,智商已更新.
787,出租半张床
788,夜袭尼姑庵
789,小前可6了
790,胸大遮百丑
791,萌到自然醒
792,专业三秒男
793,~孬夯芘
794,请还我婚戒
795,软妹收割机
796,虐爆托儿所
797,扒衣见君节
798,我污但不色
799,铲屎大将军
800,菊花碎大石
801,纯情小火鸡
802,正在加载中…
803,飘逸的胸毛
804,慢慢来不急
805,我叫纠结伦
806,傻子真可爱
807,大鱼塘总裁
808,越贱越快乐
809,神经科常客
810,潮男二狗子
811,炫酷的腿毛
812,贫尼想借色
813,ツ蓝翔老司机
814,帅的拖网速
815,娇情你大爷
816,可乐配辣条
817,寡妇村村长
818,老痰酸菜面〃
819,国产男子汉
820,霹雳搅屎棍
821,三秒无情人
822,妓多不压身
823,把夕阳灌醉
824,不偷不抢
825,被强煎的蛋
826,蒙牛没我牛
827,淡淡的蛋疼
828,贫困小组
829,嫩小伙儿们
830,∥。农村妇女
831,卖女孩的小火柴
832,该群已被注销
833,：屁癫屁癫。
834,吃饭睡觉打
835,本帅的日常
836,饭醉分子
837,夕阳红老年社交
838,三秒的世界
839,霍比特小矮子
840,酒囊饭袋
841,阳光下的向日葵
842,一群多么哇塞的
843,萌萌之约
844,♀哈狗帮♀
845,逗比爷们
846,发型凌乱
847,幼儿园大班
848,都是蠢汪除了我
849,春江水暖鸨自知
850,野生奥特曼聚集
851,小鲜肉战队
852,多拉s梦
853,青楼熟客
854,一群很有粪量的
855,逗比大神舍我其
856,男人的秘密基地
857,babyの女儿
858,奇葩姑凉拽天下
859,中东富豪讨论组
860,帅哥协会
861,爱懒猪协会
862,哥们还在徘徊
863,一群二货们
